-- phpMyAdmin SQL Dump
-- version 4.1.14
-- http://www.phpmyadmin.net
--
-- Host: 127.0.0.1
-- Generation Time: Jan 06, 2015 at 05:03 AM
-- Server version: 5.6.17
-- PHP Version: 5.5.12

SET SQL_MODE = "NO_AUTO_VALUE_ON_ZERO";
SET time_zone = "+00:00";


/*!40101 SET @OLD_CHARACTER_SET_CLIENT=@@CHARACTER_SET_CLIENT */;
/*!40101 SET @OLD_CHARACTER_SET_RESULTS=@@CHARACTER_SET_RESULTS */;
/*!40101 SET @OLD_COLLATION_CONNECTION=@@COLLATION_CONNECTION */;
/*!40101 SET NAMES utf8 */;

--
-- Database: `webdulich`
--

-- --------------------------------------------------------

--
-- Table structure for table `admin`
--

CREATE TABLE IF NOT EXISTS `admin` (
  `Ten_dang_nhap` varchar(64) NOT NULL,
  `Mat_khau` varchar(64) NOT NULL,
  PRIMARY KEY (`Ten_dang_nhap`)
) ENGINE=InnoDB DEFAULT CHARSET=utf8;

--
-- Dumping data for table `admin`
--

INSERT INTO `admin` (`Ten_dang_nhap`, `Mat_khau`) VALUES
('abc', '123'),
('admin', '202cb962ac59075b964b07152d234b70');

-- --------------------------------------------------------

--
-- Table structure for table `diadanh`
--

CREATE TABLE IF NOT EXISTS `diadanh` (
  `Ma_dia_danh` varchar(16) NOT NULL,
  `Ten_dia_danh` varchar(128) NOT NULL,
  `Ma_loai_tour` char(16) NOT NULL,
  PRIMARY KEY (`Ma_dia_danh`),
  KEY `Ma_loai_tour` (`Ma_loai_tour`)
) ENGINE=InnoDB DEFAULT CHARSET=utf8;

--
-- Dumping data for table `diadanh`
--

INSERT INTO `diadanh` (`Ma_dia_danh`, `Ten_dia_danh`, `Ma_loai_tour`) VALUES
('baoloc', 'BẢO LỘC', 'tn'),
('bentre', 'BẾN TRE', 'tn'),
('cam', 'CAMPUCHIA', 'nn'),
('cantho', 'CẦN THƠ', 'tn'),
('dongthap', 'ĐỒNG THÁP', 'tn'),
('nhatrang', 'NHA TRANG', 'tn'),
('phanthiet', 'PHAN THIẾT', 'tn'),
('thai', 'THÁI LAN', 'nn'),
('tiengiang', 'TIỀN GIANG', 'tn');

-- --------------------------------------------------------

--
-- Table structure for table `diadanh_tour`
--

CREATE TABLE IF NOT EXISTS `diadanh_tour` (
  `Ma_tour` int(11) NOT NULL,
  `Ma_dia_danh` varchar(16) NOT NULL,
  PRIMARY KEY (`Ma_tour`,`Ma_dia_danh`),
  KEY `Ma_tour` (`Ma_tour`),
  KEY `Ma_dia_danh` (`Ma_dia_danh`)
) ENGINE=InnoDB DEFAULT CHARSET=utf8;

--
-- Dumping data for table `diadanh_tour`
--

INSERT INTO `diadanh_tour` (`Ma_tour`, `Ma_dia_danh`) VALUES
(1, 'cam'),
(2, 'thai'),
(3, 'baoloc'),
(5, 'bentre'),
(5, 'tiengiang'),
(6, 'dongthap'),
(7, 'nhatrang'),
(8, 'phanthiet'),
(9, 'thai');

-- --------------------------------------------------------

--
-- Table structure for table `khachhang`
--

CREATE TABLE IF NOT EXISTS `khachhang` (
  `Ten_dang_nhap` varchar(64) NOT NULL,
  `Ten_khach_hang` varchar(64) NOT NULL,
  `Mat_khau` varchar(64) NOT NULL,
  `Sdt` varchar(16) NOT NULL,
  `Email` varchar(64) NOT NULL,
  `Dia_chi` varchar(128) NOT NULL,
  `Active` int(11) NOT NULL DEFAULT '1',
  PRIMARY KEY (`Ten_dang_nhap`),
  UNIQUE KEY `Email` (`Email`)
) ENGINE=InnoDB DEFAULT CHARSET=utf8;

--
-- Dumping data for table `khachhang`
--

INSERT INTO `khachhang` (`Ten_dang_nhap`, `Ten_khach_hang`, `Mat_khau`, `Sdt`, `Email`, `Dia_chi`, `Active`) VALUES
('a', 'a', '0cc175b9c0f1b6a831c399e269772661', '01886222208', 'a@gmail.com', 'a', 1),
('lethithanhmy', 'Lê Thị Thanh Mỹ', '123', '01886222208', 'lethithanhmy25@gmail.com', '180 Cao Lỗ P.4 Q.8 TP.HCM', 1),
('mymy', 'mymy', '62695e8f3251b773f5337ce5245cc008', '01886222216', 'lethithanhmy@gmail.com', 'qwe', 1),
('pemeoluoj', 'Lê Thị Thanh Mỹ', '202cb962ac59075b964b07152d234b70', '01886222206', 'pemeo@gmail.com', '123 Nguyễn Trãi', 1),
('qqq', 'iii', '4b3517ceb530220dc8eb1282106da2f6', '00000000', 'qqq@yyy.vn', 'qqq', 0),
('test2', 'Thanh Mỹ', '202cb962ac59075b964b07152d234b70', '0123456548', 'test2@gmail.com', 'HCM', 1);

-- --------------------------------------------------------

--
-- Table structure for table `loaitour`
--

CREATE TABLE IF NOT EXISTS `loaitour` (
  `Ma_loai_tour` varchar(16) NOT NULL,
  `Ten_loai_tour` varchar(128) NOT NULL,
  PRIMARY KEY (`Ma_loai_tour`)
) ENGINE=InnoDB DEFAULT CHARSET=utf8;

--
-- Dumping data for table `loaitour`
--

INSERT INTO `loaitour` (`Ma_loai_tour`, `Ten_loai_tour`) VALUES
('nn', 'Tour nước ngoài'),
('tn', 'Tour trong nước');

-- --------------------------------------------------------

--
-- Table structure for table `phieudattour`
--

CREATE TABLE IF NOT EXISTS `phieudattour` (
  `Ma_phieu_dat` int(11) NOT NULL AUTO_INCREMENT,
  `Ngay_dat` date NOT NULL,
  `SL_nguoi_lon` int(11) NOT NULL,
  `SL_tre_nho` int(11) DEFAULT NULL,
  `Tong_tien` int(16) NOT NULL,
  `Ghi_chu` text,
  `Tinh_trang` varchar(64) NOT NULL DEFAULT 'Đang chờ',
  `Ten_dang_nhap` varchar(64) NOT NULL,
  `Ma_tour` int(11) NOT NULL,
  PRIMARY KEY (`Ma_phieu_dat`),
  KEY `Ten_dang_nhap` (`Ten_dang_nhap`,`Ma_tour`),
  KEY `Ma_tour` (`Ma_tour`)
) ENGINE=InnoDB  DEFAULT CHARSET=utf8 AUTO_INCREMENT=16 ;

--
-- Dumping data for table `phieudattour`
--

INSERT INTO `phieudattour` (`Ma_phieu_dat`, `Ngay_dat`, `SL_nguoi_lon`, `SL_tre_nho`, `Tong_tien`, `Ghi_chu`, `Tinh_trang`, `Ten_dang_nhap`, `Ma_tour`) VALUES
(1, '2014-12-14', 1, 0, 2890000, 'test', 'Đã hủy', 'a', 1),
(2, '2014-12-14', 2, 0, 5780000, 'testlan2', 'Đang chờ', 'a', 1),
(3, '2014-12-14', 1, 0, 5850000, 'test3', 'Đang chờ', 'a', 2),
(4, '2014-12-14', 1, 0, 5850000, 'test4', 'Đã duyệt', 'a', 2),
(5, '2014-12-15', 1, 0, 2890000, '', 'Đang chờ', 'a', 1),
(6, '2014-12-15', 1, 0, 2890000, '', 'Đang chờ', 'mymy', 1),
(7, '2014-12-15', 3, 0, 17550000, '', 'Đang chờ', 'mymy', 2),
(8, '2014-12-15', 1, 0, 2890000, '"e"', 'Đã hủy', 'mymy', 1),
(9, '2014-12-15', 1, 0, 5850000, '''e', 'Đã duyệt', 'mymy', 2),
(10, '2014-12-19', 1, 0, 2890000, '', 'Đang chờ', 'mymy', 1),
(11, '2014-12-26', 1, 0, 2890000, '', 'Đang chờ', 'mymy', 1),
(14, '2014-12-28', 2, 0, 5780000, '', 'Đang chờ', 'mymy', 1),
(15, '2015-01-03', 1, 0, 5850000, '', 'Đã hủy', 'mymy', 2);

-- --------------------------------------------------------

--
-- Table structure for table `tintuc`
--

CREATE TABLE IF NOT EXISTS `tintuc` (
  `Ma_tin_tuc` varchar(128) NOT NULL,
  `Noi_dung_tom_tat` text NOT NULL,
  `Noi_dung` text,
  `Ten_tin_tuc` varchar(256) NOT NULL,
  `Hinh_anh` varchar(256) DEFAULT '#',
  PRIMARY KEY (`Ma_tin_tuc`),
  UNIQUE KEY `Ma_tin_tuc` (`Ma_tin_tuc`)
) ENGINE=InnoDB DEFAULT CHARSET=utf8mb4;

--
-- Dumping data for table `tintuc`
--

INSERT INTO `tintuc` (`Ma_tin_tuc`, `Noi_dung_tom_tat`, `Noi_dung`, `Ten_tin_tuc`, `Hinh_anh`) VALUES
('16-be-boi-tuyet-voi-nhat-hanh-tinh', 'Những hồ bơi dưới đây không chỉ sở hữu phong cách thiết kế độc đáo, mà còn giúp du khách có thể ngắm nhìn vẻ đẹp cảnh quan xung quanh.', '\r\n                          <div style="padding: 5px;font-size:13px">\r\n                             <div style="text-align: center;">\r\n                                <img alt="" src="image_data/tintucdulich/16-be-boi-tuyet-voi-nhat-hanh-tinh/1.jpg" style="width: 500px; height: 304px;">\r\n                             </div>\r\n                             <div style="text-align: center;">\r\n                                <strong>Khách sạn vườn treo Ubud tại Bali, Indonesia:</strong> Hồ bơi không đường viền của Ubud tọa lạc trên cánh rừng mưa hùng vĩ, ấn tượng.\r\n                             </div>\r\n                             <div>\r\n                                &nbsp;\r\n                             </div>\r\n                             <div style="text-align: center;">\r\n                                <img alt="" src="image_data/tintucdulich/16-be-boi-tuyet-voi-nhat-hanh-tinh/2.jpg" style="width: 500px; height: 334px;">\r\n                             </div>\r\n                             <div style="text-align: center;">\r\n                                <strong>Hồ bơi hình đàn violin:</strong> Mọi nhạc sĩ chắc chắn sẽ đều mơ ước khoảng sân sau nhà mình hoàn hảo hơn với một hồ bơi giống như thế này.\r\n                             </div>\r\n                             <div>\r\n                                &nbsp;\r\n                             </div>\r\n                             <div style="text-align: center;">\r\n                                <img alt="" src="image_data/tintucdulich/16-be-boi-tuyet-voi-nhat-hanh-tinh/3.jpg" style="width: 500px; height: 327px;">\r\n                             </div>\r\n                             <div style="text-align: center;">\r\n                                <strong>Hồ bơi không đường viền với hướng nhìn rộng:</strong> Hồ bơi này vừa giúp bạn chiêm ngưỡng cảnh quan xung quanh, vừa tạo ra một không gian lãng mạn, êm dịu với ánh sáng màu hồng.\r\n                             </div>\r\n                             <div>\r\n                                &nbsp;\r\n                             </div>\r\n                             <div style="text-align: center;">\r\n                                <img alt="" src="image_data/tintucdulich/16-be-boi-tuyet-voi-nhat-hanh-tinh/4.jpg" style="width: 500px; height: 333px;">\r\n                             </div>\r\n                             <div style="text-align: center;">\r\n                                <strong>Hồ nước nóng ở dãy núi Alps:</strong> Bạn có thể hình dung dãy núi Apls là một nơi đầy tuyết và lạnh giá, tuy nhiên, sự có mặt của hồ nước nóng này sẽ giúp bạn có thể tận hưởng thời tiết lạnh giá trong làn nước ấm.\r\n                             </div>\r\n                             <div>\r\n                                &nbsp;\r\n                             </div>\r\n                             <div style="text-align: center;">\r\n                                <img alt="" src="image_data/tintucdulich/16-be-boi-tuyet-voi-nhat-hanh-tinh/5.jpg" style="width: 500px; height: 320px;">\r\n                             </div>\r\n                             <div style="text-align: center;">\r\n                                <strong>Hồ bơi Neptunes:</strong> Là một phần vẻ đẹp hoàn mỹ của tòa lâu đài Hearst Castle, một địa danh lịch sử quốc gia nằm tại San Simeone, California.\r\n                             </div>\r\n                             <div>\r\n                                &nbsp;\r\n                             </div>\r\n                             <div style="text-align: center;">\r\n                                <img alt="" src="image_data/tintucdulich/16-be-boi-tuyet-voi-nhat-hanh-tinh/6.jpg" style="width: 500px; height: 329px;">\r\n                             </div>\r\n                             <div style="text-align: center;">\r\n                                Khu nghỉ mát ven đồi ở Bali, Indonesia sở hữu hồ bơi hoành tráng này.\r\n                             </div>\r\n                             <div>\r\n                                &nbsp;\r\n                             </div>\r\n                             <div style="text-align: center;">\r\n                                <img alt="" src="image_data/tintucdulich/16-be-boi-tuyet-voi-nhat-hanh-tinh/7.jpg" style="width: 500px; height: 342px;">\r\n                             </div>\r\n                             <div style="text-align: center;">\r\n                                <strong>Hồ bơi vô cực SkyPark, Singapo:</strong> Tọa lạc trên tầng 57 của khách sạn Marina Bay Sands và nhìn ra đường chân trời Singapo.\r\n                             </div>\r\n                             <div>\r\n                                &nbsp;\r\n                             </div>\r\n                             <div style="text-align: center;">\r\n                                <img alt="" src="image_data/tintucdulich/16-be-boi-tuyet-voi-nhat-hanh-tinh/8.jpg" style="width: 500px; height: 303px;">\r\n                             </div>\r\n                             <div style="text-align: center;">\r\n                                <strong>Hồ bơi đáy kính trên tầng 24, Thượng Hải, Trung Quốc:</strong> Hồ bơi này chắc chắn không dành cho những người sợ độ cao vì nó nằm chơi vơi giữa không trung và khá cao so với mặt đất, cho bạn tận hưởng cảnh quan tuyệt đẹp xung quanh.\r\n                             </div>\r\n                             <div>\r\n                                &nbsp;\r\n                             </div>\r\n                             <div style="text-align: center;">\r\n                                <img alt="" src="image_data/tintucdulich/16-be-boi-tuyet-voi-nhat-hanh-tinh/9.jpg" style="width: 500px; height: 327px;">\r\n                             </div>\r\n                             <div style="text-align: center;">\r\n                                <strong>San Alfonso Del Mar, Chile:</strong> Hiện tại đang giữ kỷ lục Guinness là bể bơi lớn nhất thế giới với chiều dài hơn 1 km, rộng 8 ha và chứa 250 triệu lít nước.\r\n                             </div>\r\n                             <div>\r\n                                &nbsp;\r\n                             </div>\r\n                             <div style="text-align: center;">\r\n                                <img alt="" src="image_data/tintucdulich/16-be-boi-tuyet-voi-nhat-hanh-tinh/10.jpg" style="width: 500px; height: 327px;">\r\n                             </div>\r\n                             <div style="text-align: center;">\r\n                                <strong>Hồ bơi trong sân hiện đại, ấn tượng:</strong> Thiết kế này hoàn toàn phù hợp trong hầu hết các sân sau với một bức tường kính mang đến một cảm giác hoàn toàn mới lạ.\r\n                             </div>\r\n                             <div>\r\n                                &nbsp;\r\n                             </div>\r\n                             <div style="text-align: center;">\r\n                                <img alt="" src="image_data/tintucdulich/16-be-boi-tuyet-voi-nhat-hanh-tinh/11.jpg" style="width: 500px; height: 333px;">\r\n                             </div>\r\n                             <div style="text-align: center;">\r\n                                <strong>Khách sạn Velassaru, Maldives:</strong> sở hữu hồ bơi cho bạn mối liên kết đặc biệt với biển. Đây là lựa chọn tuyệt vời cho những ai thích ngâm mình trong nước và chiêm ngưỡng vẻ đẹp của biển nhưng không muốn chạm vào cát hay bất cứ thứ khác liên quan đến biển như cá, rong biển, …\r\n                             </div>\r\n                             <div>\r\n                                &nbsp;\r\n                             </div>\r\n                             <div style="text-align: center;">\r\n                                <img alt="" src="image_data/tintucdulich/16-be-boi-tuyet-voi-nhat-hanh-tinh/12.jpg" style="width: 500px; height: 332px;">\r\n                             </div>\r\n                             <div style="text-align: center;">\r\n                                <strong>Hồ bơi trong hang động, Santorini, Hy Lạp:</strong> Nằm bên dưới một ngọn núi, cụ thể là trong một hang động tại điểm du lịch mùa hè nổi tiếng Santorini ở Hy Lạp, hồ bơi này sẽ mang lại trải nghiệm đặc biệt và ấn tượng trong cuộc đời bạn.\r\n                             </div>\r\n                             <div>\r\n                                &nbsp;\r\n                             </div>\r\n                             <div style="text-align: center;">\r\n                                <img alt="" src="image_data/tintucdulich/16-be-boi-tuyet-voi-nhat-hanh-tinh/13.jpg" style="width: 500px; height: 312px;">\r\n                             </div>\r\n                             <div style="text-align: center;">\r\n                                <strong>Khách sạn Mardan Palace, Thổ Nhĩ Kỳ:</strong> Hồ bơi tuyệt đẹp này ở thành phố Antalya, nằm trên bờ biển Địa Trung Hải, phía tây nam Thổ Nhĩ Kỳ.\r\n                             </div>\r\n                             <div>\r\n                                &nbsp;\r\n                             </div>\r\n                             <div style="text-align: center;">\r\n                                <img alt="" src="image_data/tintucdulich/16-be-boi-tuyet-voi-nhat-hanh-tinh/14.jpg" style="width: 500px; height: 333px;">\r\n                             </div>\r\n                             <div style="text-align: center;">\r\n                                <strong>Khách sạn Cambrian, Thụy Sĩ:</strong> Đây là một trong 20 khách sạn tốt nhất Thụy Sĩ và sở hữu hồ bơi có hướng nhìn tuyệt đẹp ra dãy núi Alps.\r\n                             </div>\r\n                             <div>\r\n                                &nbsp;\r\n                             </div>\r\n                             <div style="text-align: center;">\r\n                                <img alt="" src="image_data/tintucdulich/16-be-boi-tuyet-voi-nhat-hanh-tinh/15.jpg" style="width: 500px; height: 294px;">\r\n                             </div>\r\n                             <div style="text-align: center;">\r\n                                <strong>Khách sạn Caruso, Italy:</strong> Nằm trên điểm cao nhất của Ravello, hồ bơi hình elip này giúp du khách có thể tận hưởng được cảnh quan của cả biển và núi.\r\n                             </div>\r\n                             <div>\r\n                                &nbsp;\r\n                             </div>\r\n                             <div style="text-align: center;">\r\n                                <img alt="" src="image_data/tintucdulich/16-be-boi-tuyet-voi-nhat-hanh-tinh/16.jpg" style="width: 500px; height: 333px;">\r\n                             </div>\r\n                             <div style="text-align: center;">\r\n                                <strong>Khách sạn Huvafen Fushi, Maldives, một quốc đảo ở Ấn Độ Dương:</strong> Những hồ bơi vô cực tại đây sẽ mang lại cho bạn một trải nghiệm thật sự huyền diệu với ánh sáng quang của chúng.\r\n                             </div>\r\n                             <div>\r\n                                &nbsp;\r\n                             </div>\r\n                          </div>\r\n                    ', '16 bể bơi tuyệt vời nhất hành tinh', 'tt1.jpg'),
('du-lich-ha-noi-co-chi-phi-re-nhat-the-gioi', 'Theo thống kê và đánh giá của trang TripAdvisor, thủ đô của Việt Nam đứng đầu danh sách 67 thành phố về giá rẻ dành cho du khách.', '\n                <div style="padding: 5px;font-size:13px">\n                    <div>\n	Trải nghiệm trọn vẹn Hà Nội chỉ trong một ngày. Thưởng thức bánh tráng nướng giữa lòng Hà Nội. Những thành phố du lịch đắt đỏ nhất thế giới</div>\n<div>\n	Tiêu chí đánh giá của TripAdvisor dựa trên tổng mức chi phí của hành trình gồm một đêm nghỉ tại khách sạn 5 sao cộng với bữa ăn tối và coctail, rượu vang dành cho hai người và hai chuyến taxi ngắn trong thành phố. Chi phí cho hành trình này ở Hà Nội là 135 USD, thấp nhất trong 67 thành phố trên thế giới được khảo sát.</div>\n<div>\n	Kết quả trên được công bố sau cuộc khảo sát ý kiến độc giả thường niên về các thành phố đắt và rẻ nhất thế giới. Đứng thứ hai sau Hà Nội là thành phố Jakarta, Indonesia và tiếp đến là Sharmel Sheikh của Ai Cập.</div>\n<div>\n	&nbsp;</div>\n<div style="text-align: center;">\n	<img alt="" src="image_data/tintucdulich/du-lich-ha-noi-co-chi-phi-re-nhat-the-gioi/1.jpg" style="width: 500px; height: 336px;"></div>\n<div>\n	&nbsp;</div>\n<div>\n	Khách du lịch nước ngoài đi xích lô dạo phố. Ảnh: H.Hà</div>\n<div>\n	Ngoài ra, châu Á còn có thêm 3 điểm nữa cũng vào top những thành phố có chi phí du lịch rẻ nhất thế giới là Bangkok (Thái Lan); Mumbai (Ấn Độ) và Kuala Lumpur (Malaysia). Điều này cho thấy châu Á vẫn là nơi lý tưởng dành cho những chuyến du lịch giá rẻ.</div>\n<div>\n	Trong cuộc nghiên cứu năm ngoái của TripAdvisor, Hà Nội đứng thứ hai trong bảng xếp hạng những thành phố có chi phí du lịch rẻ nhất thế giới, sau thủ đô Sofia của Bulgaria.</div>\n                </div>\n', 'Du lịch Hà Nội có chi phí rẻ nhất thế giới ', 'tt2.jpg'),
('ke-hoach-cho-ky-nghi-he-hoan-hao-o-nagaworld-cho-cap-doi', 'Để kỳ nghỉ không nhàm chán, hai bạn cần lên kế hoạch trước những việc sẽ làm như thăm thú kỷ niệm xưa, ngắm cảnh, đi shopping...', '\r\n                <div style="padding: 5px;font-size:13px">\r\n                    <div style="text-align: justify;">\r\n	Mùa hè là thời điểm thích hợp cho những chuyến đi lãng mạn. Để kỳ nghỉ không nhàm chán, hai bạn cần lên kế hoạch trước những việc sẽ làm như thăm thú kỷ niệm xưa, ngắm cảnh, đi shopping... và cùng nhau trải nghiệm thiên đường giải trí, nghỉ dưỡng tại sòng bài NagaWorld tại thủ đô Campuchia.</div>\r\n<div>\r\n	&nbsp;</div>\r\n<div style="text-align: center;">\r\n	<img alt="" src="image_data/tintucdulich/ke-hoach-cho-ky-nghi-he-hoan-hao-o-nagaworld-cho-cap-doi/1.jpg" style="width: 600px; height: 400px;"></div>\r\n<div>\r\n	&nbsp;</div>\r\n<div style="text-align: justify;">\r\n	Chỉ mất 5 tiếng đồng hồ từ TP.HCM bằng xe buýt, bạn có thể tới thủ đô của đất nước Chùa Vàng, đặt chân đến sòng bài tráng lệ nhất nơi này - nằm ngay giữa vùng địa thế ven bờ đẹp như tranh vẽ của sông Mekong và Tonle Sap tràn đầy sức sống.</div>\r\n<div>\r\n	&nbsp;</div>\r\n<div style="text-align: justify;">\r\n	NagaWorld - tổ hợp khách sạn 5 sao và giải trí lớn nhất Campuchia - có thể được so sánh ngang tầm với sòng bài Taj Mahal Casino ở Las Vegas về sự thịnh vượng với lối kiến trúc hiện đại nhưng tao nhã và sang trọng, với 600 phòng Deluxe. Đây là điểm dừng chân lý tưởng của du khách ở xứ chùa tháp. NagaWorld nằm ở địa thế trung tâm rất gần với tất cả những điểm tham quan du lịch nổi tiếng tại thủ đô Phnom Penh.</div>\r\n<div style="text-align: justify;">\r\n	&nbsp;</div>\r\n<div style="text-align: center;">\r\n	<img alt="" src="image_data/tintucdulich/ke-hoach-cho-ky-nghi-he-hoan-hao-o-nagaworld-cho-cap-doi/2.jpg" style="width: 600px; height: 400px;"></div>\r\n<div style="text-align: justify;">\r\n	&nbsp;</div>\r\n<div style="text-align: justify;">\r\n	Ấn tượng về một NagaWorld hoành tráng rực rỡ với không khí sôi động, nhộn nhịp khiến du khách thực sự không muốn rời khỏi nơi đây. Điểm cuốn hút trong sòng bài này còn là bầu trời đêm nhân tạo được thiết kế rất tinh vi, bạn không thể nhận thấy đó là ánh đèn điện, và khi ngước lên có cảm giác như là bầu trời trong xanh đang hiện hữu.</div>\r\n<div style="text-align: justify;">\r\n	&nbsp;</div>\r\n<div style="text-align: justify;">\r\n	Thêm vẻ cuốn hút cho NagaWorld còn là những thương hiệu xì gà nổi tiếng nhất, những giai điệu quyến rũ, mờ ảo của sân khấu Darlin Darlin, Fashion TV lounge cùng với hệ thống hơn 10 nhà hàng phục vụ đồ ăn từ Hoa, Nhật, Hàn, Italy, Mexico, Pháp, Việt Nam… Khu vực dành riêng cho việc giải trí đa hình thức có 8 tầng lầu và các dãy suite lộng lẫy của khu khách sạn 14 tầng, cùng khu vực spa chuyên dụng và vô cùng sang trọng, xa hoa. Hệ thống phòng nghỉ sang trọng, tinh tế và có thể ngắm khung cảnh PhnomPenh về đêm từ phía cửa sổ phòng ngủ, mới thấy mảnh đất này thật đẹp.</div>\r\n<div style="text-align: justify;">\r\n	&nbsp;</div>\r\n<div style="text-align: center;">\r\n	<img alt="" src="image_data/tintucdulich/ke-hoach-cho-ky-nghi-he-hoan-hao-o-nagaworld-cho-cap-doi/3.jpg" style="width: 600px; height: 400px;"></div>\r\n<div style="text-align: justify;">\r\n	&nbsp;</div>\r\n<div style="text-align: justify;">\r\n	Từ vườn hoa lớn trước cửa khách sạn, bạn có thể ngắm toàn cảnh công trình kiến trúc này. Phía đối diện là bánh xe quay khổng lồ trong công viên. Bên phải NagaWorld, chỉ cách một cung đường, là chuỗi những nhà hàng lớn. Cách đó không xa là tòa thị chính thành phố được xây theo lối kiến trúc Pháp. Đi ngược lên con đường phía trước qua hai ngã tư, đó là khung cảnh hoàng cung cổ kính. Gần đó là bảo tàng quốc gia, chùa Vàng, chùa Bạc và nhiều di tích lịch sử văn hóa khác… Ấn tượng tại Phnom Penh còn ở khu phố Tây (theo cách gọi của người Phnom Penh) với những nhà hàng, quầy bar hiện đại. Ẩm thực nơi đây cũng khá phong phú và giá cả rất hợp lý.</div>\r\n<div style="text-align: justify;">\r\n	&nbsp;</div>\r\n<div style="text-align: justify;">\r\n	Có một điểm thú vị nữa không thể không kể đến đó là phương tiện đi lại tại Campuchia. Không có bóng dáng của taxi - phương tiện đi lại là tuk tuk - gần giống với xe lam của Việt Nam. Giá tuk tuk trung bình là từ 2 đôla cho một lần chuyên chở (4 người/xe). Các tài xế tuk-tuk tại Phnom Penh rất thân thiện. Họ có thể nói tiếng Anh, tiếng Campuchia thậm chí một số còn có thể nói tiếng Việt và các bác tài xế tuk tuk rất mộc mạc, giản dị, chân chất và thật thà.</div>\r\n<div style="text-align: justify;">\r\n	&nbsp;</div>\r\n<div style="text-align: justify;">\r\n	Một ngày mới với niềm hứng khởi mới nếu bạn và người ấy đến thăm quan cung điện Hoàng Gia, chùa Bạc - còn gọi là chùa Vàng (nơi đây có nền chùa được dát bởi 5329 viên bạc ròng - mỗi viên nặng 1,125kg, có tượng Phật vàng nặng 90 kg và tượng Phật ngọc bích cao gần 1 m). Được tận mắt ngắm những kiến trúc công phu mới thấy được nét tinh xảo của từng địa danh. Cung điện hoàng gia (hoàng cung) là một trong những nơi linh thiêng của thủ đô Phnom Penh. Trước khi chuyển đến Phnom Penh, hoàng cung được xây dựng ở nhiều địa điểm khác nhau và được xây dựng mới vào năm 1866 để phục vụ việc ăn ở, sinh hoạt của quốc vương, gia đình quốc vương và các quan khách nước ngoài. Đây là nơi diễn ra các nghi thức ngoại giao và nghi lễ hoàng gia.</div>\r\n<div style="text-align: justify;">\r\n	&nbsp;</div>\r\n<div style="text-align: center;">\r\n	<img alt="" src="image_data/tintucdulich/ke-hoach-cho-ky-nghi-he-hoan-hao-o-nagaworld-cho-cap-doi/4.jpg" style="width: 600px; height: 400px;"></div>\r\n<div style="text-align: center;">\r\n	<em>Chùa Bạc. </em></div>\r\n<div style="text-align: center;">\r\n	&nbsp;</div>\r\n<div style="text-align: justify;">\r\n	Tiếp tục cuộc hành trình, hãy đến với chùa Bà Pênh (còn gọi là Wat Phnom - ngôi chùa cổ và linh thiêng của Campuchia). Chùa Bà Pênh được xây dựng trên một quả đồi rất uy nghi. Phía trước thờ Phật và được thờ phụng bằng hàng chục cây nến khổng lồ, cháy suốt ngày đêm. Phía sau thờ bà Pênh - được xem là nơi ấn tượng và linh thiêng nhất nên người dân thường đến dâng cúng, xin quẻ và xem bói. Người Việt Nam và du khách ngoại quốc cũng tới đây rất nhiều để tham quan và cầu những điều họ mong muốn. Chùa có tất cả hai hướng để tham quan với một đường lên và một đường xuống. Lối lên đền thờ cũng được trang trí hình rắn thần bảy đầu với bức tượng của rắn thần Naga và 2 con linh sư - những con vật quen thuộc trong tín ngưỡng của người Campuchia và là những linh vật được thấy hầu hết trong đền quần thể đền Angkor. Khách có thể dạo bộ trên quảng trường sông Bốn Mặt, tham quan tại tượng đài Hữu Nghị Việt Nam- Campuchia và chụp hình ở tượng đài Độc Lập - nơi giao lộ giữa đường Norodom và đường Sihanouk.</div>\r\n<div style="text-align: justify;">\r\n	&nbsp;</div>\r\n<div style="text-align: justify;">\r\n	Tượng đài Độc Lập được khởi công xây dựng năm 1958 và khánh thành năm 1962, nhằm đánh dấu 9 năm độc lập của người Campuchia. Tượng đài được thiết kế dựa trên tất cả các mô típ truyền thống của kiến trúc Khmer cổ truyền và Angkor Wat. Tuợng có màu tím đậm và trông như một bông hoa sen đang vươn mình. Nơi đây không khí trong lành, thoáng đãng, đứng ở đó có thể ngắm nhìn được rất nhiều cảnh đẹp của thành phố.</div>\r\n<div style="text-align: justify;">\r\n	&nbsp;</div>\r\n<div style="text-align: center;">\r\n	<img alt="" src="image_data/tintucdulich/ke-hoach-cho-ky-nghi-he-hoan-hao-o-nagaworld-cho-cap-doi/5.jpg" style="width: 600px; height: 400px;"></div>\r\n<div style="text-align: center;">\r\n	<em>Tượng đài Độc Lập. </em></div>\r\n<div style="text-align: justify;">\r\n	&nbsp;</div>\r\n<div style="text-align: justify;">\r\n	Hãy lên lịch cho kỳ nghỉ hè lãng mạn để hâm nóng tình yêu với sự trải nghiệm tuyệt vời trên hành trình 3 ngày 2 đêm với giá 2.650.000 đồng ++/người/ phòng đôi, cùng với dịch vụ tour 5 sao trọn gói đưa đón bằng xe buýt limousine có ghế massage và TV LCD, 6 bữa ăn chính bao gồm 2 bữa sáng buffet tại nhà hàng Grand Garden và 4 bữa chính tự chọn tại tất cả hệ thống nhà hàng đa quốc gia, và 2 đêm ở phòng Superior tại tổ hợp khách sạn, giải trí và sòng bài NagaWorld.</div>\r\n                </div>\r\n', 'Kế hoạch cho kỳ nghỉ hè hoàn hảo ở NagaWorld cho cặp đôi', 'tt3.jpg'),
('nhung-diem-den-hap-dan-nhat-chau-au-2014', 'Là vùng đất có nhiều kỳ quan đẹp bậc nhất trên thế giới, những công trình kiến trúc cổ kính, lãng mạn, châu Âu luôn là sự lựa chọn của nhiều khách du lịch.', '\r\n                <div style="padding: 5px;font-size:13px">\r\n                    <div>\r\n	<strong>10 điểm đến dưới đây đều là những vùng có nhiều giá trị du lịch đang được du khách quan tâm khi tới châu Âu.</strong></div>\r\n<div>\r\n	&nbsp;</div>\r\n<div>\r\n	<strong>1. Hy Lạp</strong></div>\r\n<div>\r\n	&nbsp;</div>\r\n<div>\r\n	Nằm ở bán đảo Balkan, Hy Lạp là một đất nước thuộc khu vực châu Âu với địa hình phần lớn là núi non hiểm trở, nhiều các đảo lớn nhỏ và rừng rậm. Quốc gia này được các biên tập viên cuốn sách hướng dẫn du lịch lớn nhất thế giới Lonely Planet tiên đoán là điểm đến châu Âu được ưa chuộng nhất trong năm nay.</div>\r\n<div>\r\n	Hy Lạp từng là một đế quốc hùng mạnh, đất nước rộng lớn và là một trong những quốc gia có nền văn minh phát triển rực rỡ nhất vào thời cổ đại. Với hơn 5.000 năm lịch sử và sự đa dạng của các di tích lịch sử, những hòn đảo hoang sơ, với nhiều bãi biển tuyệt đẹp, những ngôi làng quê yên bình... du khách sẽ không thiếu các điểm đến thú vị khi ghé thăm đất nước này.</div>\r\n<div>\r\n	&nbsp;</div>\r\n<div>\r\n	<strong>2. Ljubljana, Slovenia</strong></div>\r\n<div>\r\n	&nbsp;</div>\r\n<div style="text-align: center;">\r\n	<img alt="" src="image_data/tintucdulich/nhung-diem-den-hap-dan-nhat-chau-au-2014/1.jpg" style="width: 500px; height: 312px;"></div>\r\n<div>\r\n	&nbsp;</div>\r\n<div style="text-align: center;">\r\n	<em>Con sông Ljubljanica thơ mộng chảy qua thành phố &nbsp;Ljubljana. Ảnh: MASK</em></div>\r\n<div>\r\n	Slovenia là một đất nước nhỏ bé, xinh đẹp ở châu Âu và cũng được coi là một trong những nước hòa bình nhất thế giới. Du khách yêu mến Slovenia bởi nơi đây có một vẻ đẹp dịu dàng với địa hình chủ yếu là đồi núi, rừng rậm. Ngoài ra còn một lý do nữa quốc gia này có các chỉ số về tội phạm xã hội, biểu tình bạo lực, chiến tranh trong và ngoài nước đều thấp nhất thế giới.</div>\r\n<div>\r\n	Slovenia còn có một nền văn hóa độc đáo và là một điểm đến du lịch thích hợp với những du khách đam mê khám phá thiên nhiên hoang dã. Đến đây bạn cũng đừng bỏ qua thành phố Ljubljana tươi đẹp, nơi có con sông Ljubljanica thơ mộng vắt qua thành phố và những lâu đài cổ kính. Thú vị nhất là ngắm nhìn hoàng hôn buông xuống thành phố khi đứng nhìn từ những lâu đài cổ.</div>\r\n<div>\r\n	&nbsp;</div>\r\n<div>\r\n	<strong>3. Miền Tây Nam nước Anh</strong></div>\r\n<div>\r\n	&nbsp;</div>\r\n<div>\r\n	Vẻ đẹp kỳ vĩ và ngoạn mục ở Anh khiến bất kỳ du khách nào đến đây cũng phải mê mẩn. Du khách sẽ được chiêm ngưỡng những phong cảnh hoang dã với nhiều ngọn núi cao chót vót, những công viên với khung cảnh nông thôn miền núi với đồng cỏ tươi tốt, những ngôi làng cổ kính với không gian xanh mướt, hay cả những thành phố hiện đại và sôi động đều là điểm dừng chân lý tưởng khi đến vương quốc này.</div>\r\n<div>\r\n	&nbsp;</div>\r\n<div>\r\n	<strong>4. Italy</strong></div>\r\n<div>\r\n	&nbsp;</div>\r\n<div>\r\n	Nói đến đất nước hình chiếc ủng, nhiều người sẽ liên tưởng tới vẻ đẹp lãng mạn, cổ kính, nên thơ của thành Rome với những công trình kiến trúc mang dáng dấp của La Mã cổ đại và huyền thoại, chiêm ngưỡng điện Patheon lộng lẫy, đài phun nước Trevi nổi tiếng, những quảng trường La Mã cổ kính và hào hùng.</div>\r\n<div>\r\n	&nbsp;</div>\r\n<div style="text-align: center;">\r\n	<img alt="" src="image_data/tintucdulich/nhung-diem-den-hap-dan-nhat-chau-au-2014/2.jpg" style="width: 500px; height: 332px;"></div>\r\n<div>\r\n	&nbsp;</div>\r\n<div style="text-align: center;">\r\n	<em>Vẻ đẹp lãng mạn của Venice. Ảnh: cntraveler</em></div>\r\n<div>\r\n	Du khách cũng sẽ cảm thấy vô cùng thích thú khi đến với Venice, thành phố của những hồ nước, các nhánh kênh đào với vẻ đẹp lãng mạn và thơ mộng. Tuy nhiên vẫn còn nhiều lắm những địa danh tuyệt đẹp khi ghé thăm đất nước này.</div>\r\n<div>\r\n	&nbsp;</div>\r\n<div>\r\n	<strong>5. Đan Mạch</strong></div>\r\n<div>\r\n	&nbsp;</div>\r\n<div>\r\n	Hẳn bạn sẽ ngỡ ngàng trước vẻ đẹp thiên nhiên lãng mạn, đầy quyến rũ của những địa danh du lịch hấp dẫn nhất ở đất nước này. Đến Đan Mạch, du khách sẽ có những trải nghiệm hấp dẫn, với cảm giác thanh bình, nhẹ nhàng của quốc gia được mệnh danh là có chất lượng cao trên thế giới. Bạn đừng bỏ qua cung điện Hoàng gia ở Oslo, công viên Vigeland tuyệt đẹp với hàng trăm bức tượng điêu khắc sống động, bảo tàng hàng hải với triển lãm các loại tàu thuyền cổ xưa của người Viking...</div>\r\n<div>\r\n	&nbsp;</div>\r\n<div>\r\n	<strong>6. Seville, Tây Ban Nha</strong></div>\r\n<div>\r\n	&nbsp;</div>\r\n<div>\r\n	Tây Ban Nha luôn hấp dẫn du khách bởi cái nắng Địa Trung Hải đẹp đến nao lòng, những điệu flamenco nồng nàn, của các trận đấu bò nảy lửa và những lễ hội độc đáo và kỳ dị. Thành phố Seville với các con phố cổ kính, trải dài vẫn luôn hấp dẫn du khách khắp nơi trên thế giới. Sẽ thật thú vị khi được thăm nhà thờ nổi tiếng lớn thứ 3 trên thế giới hay tham gia vào các lễ hội sôi động tại đây.</div>\r\n<div>\r\n	&nbsp;</div>\r\n<div>\r\n	<strong>7. Outer Hebrides, Scotland</strong></div>\r\n<div>\r\n	&nbsp;</div>\r\n<div style="text-align: center;">\r\n	<img alt="" src="image_data/tintucdulich/nhung-diem-den-hap-dan-nhat-chau-au-2014/3.jpg" style="width: 500px; height: 343px;"></div>\r\n<div>\r\n	&nbsp;</div>\r\n<div style="text-align: center;">\r\n	<em>Thác nước hùng vĩ tuyệt đẹp ở bến tàu Ness, đảo Lewis thuộc quần đảo Outer Hebrides. Ảnh: DSPL</em></div>\r\n<div>\r\n	Nằm ở ngoài khơi bờ biển phía tây Scotland, quần đảo Outer Hebrides với những cảnh tưởng ngoạn mục và kỳ vĩ đã trở nên nổi tiếng trên thế giới bởi những vách đá gồ ghề, những bãi biển hoang sơ tuyệt đẹp. Nơi đây, bạn có thể ngắm nhìn cảnh mặt trời mọc sau rặng núi, những chú bò thong dong nằm phơi nắng, thác nước hùng vĩ ở bến tàu Ness, những cánh đồng hoa rực rỡ ngay dưới chân ngọn hải đăng ở đảo Lewis.</div>\r\n<div>\r\n	&nbsp;</div>\r\n<div>\r\n	<strong>8. Plzen, Cộng hòa Czech</strong></div>\r\n<div>\r\n	&nbsp;</div>\r\n<div>\r\n	Czech là một xứ sở của những bất ngờ đang chờ được khám phá. Du khách có thể chiêm ngưỡng những công trình kiến trúc cổ nổi tiếng, với nhiều tu viện, giáo đường theo kiểu Roman và Gothic. Nếu như thủ đô Praha có những công trình kiến trúc tuyệt mỹ, thì Plzen là cái nôi của bia vàng. Năm 1295, vua Wenceslas Đệ nhị đã tìm ra vùng đất này và chỉ cho phép dân Plzen nấu bia với những hương vị tuyệt hảo và hiện nay đã nổi danh trên toàn thế giới.</div>\r\n<div>\r\n	&nbsp;</div>\r\n<div>\r\n	<strong>9. Na Uy</strong></div>\r\n<div>\r\n	&nbsp;</div>\r\n<div>\r\n	Là một đất nước thuộc bán đảo Scandinavia (Bắc Âu), Na Uy gần với các nước như Đan Mạch, Thụy Điển. Nơi đây có những bờ biển bị chia cắt bởi nhiều vịnh hẹp.</div>\r\n<div>\r\n	Nơi đây cũng được thiên nhiên ưu ái với các cảnh đẹp nổi tiếng khắp năm châu, nhiều sông băng và thác nước, các bờ biển trải dài ngoạn mục và khoảng 50.000 hòn đảo, công viên quốc gia, các vịnh đẹp. Du khách sẽ được chiêm ngưỡng rất nhiều di sản thế giới tại đất nước này.</div>\r\n<div>\r\n	&nbsp;</div>\r\n<div>\r\n	<strong>10. Toulouse, Pháp</strong></div>\r\n<div>\r\n	&nbsp;</div>\r\n<div>\r\n	Tọa lạc bên dòng sông Garonne thơ mộng, Toulouse là thành phố lớn ở miền Nam nước Pháp với nhiều thắng cảnh tự nhiên. Thành phố này được biết đến như là trung tâm nghệ thuật của Pháp và là một trong những điểm đến hấp dẫn nhất miền Nam nước Pháp, với nhiều những công trình kiến trúc nghệ thuật độc đáo.</div>\r\n<div>\r\n	Nơi đây được mệnh danh là một trong những thành phố đáng sống nhất ở Pháp với rất nhiều quảng trường, công viên cây xanh và khí hậu Địa Trung Hải.</div>\r\n                </div>\r\n', 'Những điểm đến hấp dẫn nhất châu Âu 2014', 'tt4.jpg'),
('nhung-diem-du-lich-mien-bac-khong-the-bo-qua', 'Với những ngày tháng làm việc, học hành thi cử vất vả bạn hãy dành chút thời gian của mình để nghỉ ngơi tận hưởng với những điểm đến hấp dẫn nhất tại miền Bắc thân yêu của chúng ta ', '\r\n                <div style="padding: 5px;font-size:13px">\r\n                    <div style="text-align: justify;">\r\n	Nơi nào đã làm bạn phải quyết tâm xách balo lên và đi? Hãy cùng Du lịch Việt Nam chúng tôi khám phá 5 điểm đến du lịch miền Bắc hấp dẫn dưới đây nhé.</div>\r\n<div style="text-align: justify;">\r\n	&nbsp;</div>\r\n<div style="text-align: justify;">\r\n	<strong>1. SaPa Lào Cai</strong></div>\r\n<div style="text-align: justify;">\r\n	&nbsp;</div>\r\n<div style="text-align: center;">\r\n	<img alt="" src="image_data/tintucdulich/nhung-diem-du-lich-mien-bac-khong-the-bo-qua/1.jpg" style="width: 400px; height: 300px;"></div>\r\n<div style="text-align: center;">\r\n	<em>Du lịch SaPa khám phá phiên chợ vùng cao</em></div>\r\n<div style="text-align: justify;">\r\n	&nbsp;</div>\r\n<div style="text-align: justify;">\r\n	Sa Pa là địa điểm lý tưởng để nghỉ dưỡng của cụm khu du lịch miền Bắc, và đôi khi là để cảm nhận một chút gì đó lãng đãng của mây, núi và của cái lạnh đến tê tái. Và người ta cũng không còn lạ gì với Thác Bạc, Cầu Mây, vào làng Cát Cát, cổng trời. Song những du khách du lịch SaPa vẫn có thể yên tâm chọn Sapa là điểm để đặt balo mà không hề có cảm giác nhàm chán.</div>\r\n<div style="text-align: justify;">\r\n	Bạn có thể chọn những tour du lịch SaPa như: du lịch SaPa 2 ngày 3 đêm – du lịch SaPa 6 ngày.&nbsp;</div>\r\n<div style="text-align: justify;">\r\n	&nbsp;</div>\r\n<div style="text-align: justify;">\r\n	<strong>2. Đảo Cô Tô - Quan Lạn, Quảng Ninh</strong></div>\r\n<div style="text-align: justify;">\r\n	&nbsp;</div>\r\n<div style="text-align: justify;">\r\n	Hai &nbsp;đảo trên thuộc Quảng Ninh cách trung tâm Hà Nội khoảng 350 - 400km. Để ra được đảo bạn phải đi tàu cao tốc hoặc thuyền. Khi bước chân xuống đảo, bạn sẽ có một cảm giác cực kì thích thú, tha hồ vùng vẫy trên những bãi cát trắng trải dài, biển xanh trong veo và tha hồ ăn những bữa hải sản cực rẻ được chế biến ngay tại bãi biển.</div>\r\n<div style="text-align: justify;">\r\n	&nbsp;</div>\r\n<div style="text-align: center;">\r\n	<img alt="" src="image_data/tintucdulich/nhung-diem-du-lich-mien-bac-khong-the-bo-qua/2.jpg" style="width: 400px; height: 300px;"></div>\r\n<div style="text-align: center;">\r\n	<em>Du lịch bãi biển xinh đẹp Cô Tô làm cho du khách có trải nghiệm tuyệt vời</em></div>\r\n<div style="text-align: justify;">\r\n	&nbsp;</div>\r\n<div style="text-align: justify;">\r\n	Du lịch biển Cô Tô và Quan Lạn chưa được khai thác nhiều nên vẫn giữ được vẻ hoang sơ vốn có. Cảm giác được đi giữa vườn thông mát mẻ, gào hét ầm ĩ trên những chiếc xe túc túc sẽ đem lại cho các ấy những trải nghiệm tuyệt vời. Có lẽ đây là 2 bãi biển tuyệt với trong địa điểm du lịch miền Bắc mà du khách nên đặt chân tới.</div>\r\n<div style="text-align: justify;">\r\n	Bạn có thể tham khảo tour du lịch biển Quan Lạn và Cô Tô sau: du lịch biển Quan Lạn 3 ngày – du lịch biển Cô Tô 3 ngày</div>\r\n<div style="text-align: justify;">\r\n	&nbsp;</div>\r\n<div style="text-align: justify;">\r\n	<strong>3. Mộc Châu – vắng lặng những con đường</strong></div>\r\n<div style="text-align: justify;">\r\n	&nbsp;</div>\r\n<div style="text-align: justify;">\r\n	Mộc Châu là điểm du lịch miền Bắc thu hút du khách nhất vào mùa sau tết đó là một trong hai dịp đẹp nhất trong năm ở Mộc Châu. Thời tiết Mộc Châu cũng khá giống ở Hà Nội. Nhưng khung cảnh của núi rừng nơi đây hoang sơ, dân dã đến lạ kỳ. Từ trung tâm thị trấn tỏa ra các bản làng là những con đường vắng lặng đi bản Áng, thác Dải Yếm, Ba Phách… Bạn sẽ không có cảm giác của bon chen, ồn ào và thương mại hóa ở vùng đất của đồi chè và bạt ngàn cải trắng này.&nbsp;</div>\r\n<div style="text-align: justify;">\r\n	&nbsp;</div>\r\n<div style="text-align: center;">\r\n	<img alt="" src="image_data/tintucdulich/nhung-diem-du-lich-mien-bac-khong-the-bo-qua/3.jpg" style="width: 400px; height: 300px;"></div>\r\n<div style="text-align: center;">\r\n	<em>Du lịch Mộc Châu khám phá mùa cải trắng</em></div>\r\n<div style="text-align: justify;">\r\n	&nbsp;</div>\r\n<div style="text-align: justify;">\r\n	Cách Hà Nội gần 200km, bạn có thể chọn cho mình xe máy để thử cảm giác của khúc cua tay áo, của thả dốc và của mù hóa mưa. Hoặc chọn cho phương tiện là ô tô để cảm nhận bình yên và thư giãn một cách tuyệt đối. Không lấy đi quá nhiều của bạn thời gian và tiền bạc, Mộc Châu hứa hẹn sẽ đem lại cho bạn một chuyến du lịch thật ý nghĩa. Bạn có thể tham khảo một số tour du lịch Mộc Châu uy tín Tại Đây</div>\r\n<div style="text-align: justify;">\r\n	&nbsp;</div>\r\n<div style="text-align: justify;">\r\n	<strong>4. Vịnh Hạ Long, Quảng Ninh</strong></div>\r\n<div style="text-align: justify;">\r\n	&nbsp;</div>\r\n<div style="text-align: justify;">\r\n	Với kinh nghiệm du lịch miền Bắc đây là một trong những điểm đẹp và nổi tiếng nhất Việt Nam. Hạ Long tập trung dày đặc các đảo đá có hình thù đặc biệt và nhiều hang động đẹp nổi tiếng. Điểm hấp dẫn du khách là những chuyến tàu thăm thú vịnh, ngắm nhìn hòn Trống Mái, những núi đá tự nhiên đẹp mê hồn, lao xuống bãi biển siêu sạch Ti Tốp hay lạc trong hang động Thiên Cung...</div>\r\n<div style="text-align: justify;">\r\n	&nbsp;</div>\r\n<div style="text-align: center;">\r\n	<img alt="" src="image_data/tintucdulich/nhung-diem-du-lich-mien-bac-khong-the-bo-qua/4.jpg" style="width: 400px; height: 300px;"></div>\r\n<div style="text-align: center;">\r\n	<em>Du lịch Hạ Long kỳ quan thiên nhiên thế giới</em></div>\r\n<div style="text-align: justify;">\r\n	&nbsp;</div>\r\n<div style="text-align: justify;">\r\n	Đến du lịch Hạ Long, các bạn còn có thể đến đảo Tuần Châu, tắm biển Bãi Cháy, và thưởng thức những hải sản tươi ngon mà chẳng đắt tẹo nào. Món ăn không thể bỏ qua khi đến đây là chả mực đấy, ngon miễn chê luôn. Mình có thể mua về làm quà được nha, cho vào thùng đá là đảm bảo tươi ngon cả ngày. Tour du lịch Hạ Long như: du lịch Hạ Long 1 ngày – du lịch Hạ Long Tuần Châu 4 ngày</div>\r\n<div style="text-align: justify;">\r\n	&nbsp;</div>\r\n<div style="text-align: justify;">\r\n	<strong>5. Tam Đảo – vẻ đẹp gọi mời</strong></div>\r\n<div style="text-align: justify;">\r\n	&nbsp;</div>\r\n<div style="text-align: justify;">\r\n	Tam Đảo là khu nghỉ mát lý tưởng của &nbsp;du lịch miền Bắc. Đặc biệt phù hợp với những ai có quỹ thời gian không quá xông xênh. Con đường hơn 80 km xuất phát từ Hà Nội không lấy đi quá nhiều thời gian và sức lực của bạn.&nbsp;</div>\r\n<div style="text-align: justify;">\r\n	Nơi đây bạn có thể tự thưởng cho mình không khí thư giãn vô cùng thoải mái. Nằm lọt trong thung lũng Máng Chi, với độ cao khoảng 1.000 m, nhiệt độ trung bình từ 18 đến 25 độ C khu nghỉ mát Tam Đảo với vô vàn địa điểm tuyệt đẹp để bạn lưu lại quãng thời gian ý nghĩa.&nbsp;</div>\r\n<div style="text-align: justify;">\r\n	&nbsp;</div>\r\n<div style="text-align: center;">\r\n	<img alt="" src="image_data/tintucdulich/nhung-diem-du-lich-mien-bac-khong-the-bo-qua/5.jpg" style="width: 400px; height: 300px;"></div>\r\n<div style="text-align: center;">\r\n	<em>Du lịch Tam Đảo một điểm du lịch thu hút khách du lịch khá gần Hà Nội</em></div>\r\n<div style="text-align: justify;">\r\n	&nbsp;</div>\r\n<div style="text-align: justify;">\r\n	Đến du lịch Tam Đảo cũng hứa hẹn mang đến cho bạn những món đặc sản đặc trưng là: ngọn susu luộc, xào, chiên với bột hay lợn mán &nbsp;với các món như: hấp, nướng, nấu rượu mận, tiết canh, lòng thì xào hoặc nướng... Và tổ chức thành 1 bữa tiệc buffet món nướng với lửa trại thì vui không gì có thể bằng được.</div>\r\n<div style="text-align: justify;">\r\n	Trên chỉ là một số những điểm du lịch miền Bắc hấp dẫn du khách, còn rất nhiều những điểm du lịch miền Bắc hấp dẫn đang chờ các bạn khám phá. Bạn hãy xách balo lên và thực hiện những tour du lịch miền Bắc hấp dẫn của mình.</div>\r\n                </div>\r\n', 'Những điểm du lịch miền Bắc không thể bỏ qua ', 'tt5.jpg'),
('quyen-ru-ham-ho-binh-dinh', 'Cách TP.Quy Nhơn gần 50 km, Khu du lịch sinh thái Hầm Hô (xã Tây Phú, huyện Tây Sơn, Bình Định) là một điểm đến hấp dẫn du khách trong và ngoài nước. ', '\r\n                <div style="padding: 5px;font-size:13px">\r\n                    <div style="text-align: justify;">\r\n	Nhà sàn nghỉ ngơi một khúc sông dài 3km, với nhiều khối đá, vách đá dựng đứng và xếp chồng lên nhau... xen giữa núi non trừng điệp. Hầm Hô được tạo nơi hai con sông Đồng Hựu và sông Cát cùng đổ về sông Phú Phong (thị trấn Phú Phong, huyện Tây Sơn).</div>\r\n<div style="text-align: justify;">\r\n	&nbsp;</div>\r\n<div style="text-align: center;">\r\n	<img alt="" src="image_data/tintucdulich/quyen-ru-ham-ho-binh-dinh/1.jpg" style="width: 500px; height: 300px;"></div>\r\n<div style="text-align: justify;">\r\n	&nbsp;</div>\r\n<div style="text-align: justify;">\r\n	Tên gọi Hầm Hô xuất phát từ giải thích của người dân địa phương: nơi đây có một thác nước cao chừng sáu, bảy mét, đổ vào một hầm đá rộng, phát ra tiếng kêu ầm ồ như tiếng hô báo cho người chèo bè biết sắp tới chỗ nguy hiểm, nên gọi là Hầm Hô. Ngoài cái tên Hầm Hô, nơi đây còn có tên gọi khác là “Thác cá bay”, bởi suối Hầm Hô rất nhiều cá. Nhất là mùa gió Nam, mùa nước lụt, cá sông về nguồn đẻ, dồn vào đây càng nhiều. Từng bầy cá đổ vào suối "đặc cả nước", rồi đua nhau "bay" lên ngọn thác Hầm Hô mà về nguồn.&nbsp;</div>\r\n<div style="text-align: justify;">\r\n	&nbsp;</div>\r\n<div style="text-align: justify;">\r\n	Đến Hầm Hô, du khách ngỡ ngàng trước một vùng mây nước trong xanh, giữa lòng sông rộng lớn là những khối đá tạo hình bắt mắt. Nước sông trong mát có thể nhìn thấy từng đàn cá bơi lội dưới dáy. Quần thể Khu du lịch Hầm Hô là một khúc sông dài 3km, lòng sông rộng 30m với nhiều đá ngầm, đá nổi nhấp nhô. Đến Hầm Hô, du khách đi thuyền, đạp vịt hay kayak thưởng ngoạn các địa danh như Vũng Cá Rói, Lò Nấu Rượu, Hang Dơi, Vũng Cây Đa...</div>\r\n<div style="text-align: justify;">\r\n	&nbsp;</div>\r\n<div style="text-align: justify;">\r\n	Suối nước Hầm Hô 4 mùa hương sắc khác nhau. Thường khách du lịch đến Hầm Hô nhiều nhất vào mùa hè. Thời tiết nóng bức, đứng trước bức tranh non nước hữu tình ở Hầm Hô, tâm hồn du khách dịu hẳn trong tiết trời oi ả. Làn nước trong xanh đến tận đáy, dưới sông cá lội, trên bờ chim kêu giúp con người hòa mình vào thiên nhiên xanh.&nbsp;</div>\r\n<div style="text-align: justify;">\r\n	&nbsp;</div>\r\n<div style="text-align: justify;">\r\n	Những ngày thu, Hầm Hô không chỉ khoác chiếc áo của màu đá nước trong xanh, mà còn xen màu thu vàng phủ khắp vùng rừng núi hai bên bờ sông. Cảm giác thật đặc biệt khi ngồi trên thuyền xuôi dòng Hầm Hô, ngắm non xanh nước biếc, núi rừng hùng vĩ. &nbsp;</div>\r\n<div style="text-align: justify;">\r\n	&nbsp;</div>\r\n<div style="text-align: center;">\r\n	<img alt="" src="image_data/tintucdulich/quyen-ru-ham-ho-binh-dinh/2.jpg" style="width: 500px; height: 300px;"></div>\r\n<div style="text-align: justify;">\r\n	&nbsp;</div>\r\n<div style="text-align: justify;">\r\n	Sang đông, trên đỉnh núi mờ xa giăng giăng sương khói, Hầm Hô vắng vẻ, yên tĩnh hơn hẳn. Thi thoảng, vài nhóm lữ hành phương xa đến ngoạn cảnh. Trong tiết trời ngày lạnh, đứng trên bờ nước cảm giác hơi lạnh bốc ra từ những khối đá tạo thành mảng sương trắng xóa mơ hồ trên mặt nước, trên tán cây. Giữa làn sương ấy, những nụ ti gôn bung nở e ấp trong sương.</div>\r\n<div style="text-align: justify;">\r\n	&nbsp;</div>\r\n<div style="text-align: justify;">\r\n	Xuân đến, Hầm Hô như muốn phô diễn toàn bộ vẻ đẹp của mình. Mùa sinh sôi, Hầm Hô như một chiếc áo hoa muôn màu được dệt từ những đóa lan rừng, bạch mai và những loài hoa mang tên rừng núi... dệt cùng màu xanh của trời, nước. Nhờ vẻ đẹp mà thiên nhiên ban tặng, Hầm Hô trở thành điểm du lịch nổi tiếng ở Bình Định ngày nay.</div>\r\n                </div>\r\n     ', 'Quyến rũ Hầm Hô – Bình Định', 'tt6.jpg');

-- --------------------------------------------------------

--
-- Table structure for table `tour`
--

CREATE TABLE IF NOT EXISTS `tour` (
  `Ma_tour` int(11) NOT NULL AUTO_INCREMENT,
  `Ten_tour` varchar(128) NOT NULL,
  `Phuong_tien` varchar(64) NOT NULL,
  `Ngay_bat_dau` date NOT NULL,
  `Ngay_ket_thuc` date NOT NULL,
  `Gia` int(16) NOT NULL,
  `Noi_dung` text,
  `Hinh_anh` varchar(256) DEFAULT 'images/default.jpg',
  `Noi_dung2` text,
  `So_cho_toi_da` int(11) NOT NULL DEFAULT '0',
  `AnHien` tinyint(4) NOT NULL DEFAULT '1',
  PRIMARY KEY (`Ma_tour`)
) ENGINE=InnoDB  DEFAULT CHARSET=utf8 AUTO_INCREMENT=17 ;

--
-- Dumping data for table `tour`
--

INSERT INTO `tour` (`Ma_tour`, `Ten_tour`, `Phuong_tien`, `Ngay_bat_dau`, `Ngay_ket_thuc`, `Gia`, `Noi_dung`, `Hinh_anh`, `Noi_dung2`, `So_cho_toi_da`, `AnHien`) VALUES
(1, 'DU LỊCH CAMPUCHIA 2014 - ƯU ĐÃI ĐẾN BẤT NGỜ', 'Ô tô', '2014-12-29', '2015-01-01', 2890000, 'Campuchia là quốc gia được mệnh danh “đất nước chùa tháp” chứa đựng bao điều bí ẩn làm mê đắm nhiều du khách. Nơi ấy, vẻ đẹp nguyên sơ cùng sự hùng vĩ của Angkor, cung điện Hoàng Gia, Bokor in đậm dấu ấn thời gian. Con người Campuchia dung dị, thân thiện và mến khách sẽ khiến ai cũng phải ngưỡng mộ ngành du lịch Campuchia... ', 'apsara(1).jpg', '\n<h1 style="text-align: center;"><span style="color: red;">Vương Quốc Campuchia</span></h1>\n<div>Campuchia là một quốc gia thuộc Đông Nam Á, nổi tiếng là một quốc gia có nhiều chùa, đền đài và đặc biệt là công trình kiến trúc độc đáo và đầy huyền bí Angkok Wat và Angkok Thom đã thu hút hàng triệu du khách quốc tế hàng năm và hiện tại Campuchia đã trở thành một địa điểm du lịch hấp dẫn nhất thế giới.</div>\n<div><br>\n	</div>\n<div style="text-align: center;">\n	<img src="image_data/tournuocngoai/1/1-1.jpg" alt="vuong-quoc-campuchia" align="" border="0px"></div>\n<h3><span style="color: rgb(107, 142, 35);">Vị trí địa lý Campuchia:</span></h3>\n<div>Vương quốc Campuchia có diện tích khoảng 181.035 km2, phía Bắc giáp với Lào có đường biên giới là 541 km, phía Đông giáp với Việt Nam có đường biên giới là 1.137 km, phía Tây giáp Thái Lan và phía nam giáp với Vịnh Thái Lan có đường biên giới là 800 km.&nbsp;Đồng bằng chiếm 1/2 diện tích tập trung ở hướng Nam và Đông Nam, còn lại là núi, đồi bao quanh đất nước.</div>\n<h3><span style="color: rgb(107, 142, 35);">Lịch sử Campuchia :</span></h3>\n<div><span style="font-weight: bold; color: rgb(0, 0, 205);">Vương quốc Phù Nam : (Đầu thế kỷ 1 đến năm 550)</span></div>\n<div><br>\n	</div>\n<div>Được biết đến đất nước Campuchia đầu tiên có tên nước là Phù Nam vào khoảng thế kỷ thứ 1, triệu đại Phù Nam đầu tiên qua 4 đời kế vị đó là :&nbsp;Hỗn Điền, Con Hỗn Điền (chưa rõ tên họ), Hỗn Bàn Huống, Hỗn Bàn Bàn, kế tiếp là một vị tướng đã lên ngôi đó là Phạm Sư Man -&gt; Phạm Chiêu -&gt; Phạm Tràng -&gt; Phạm Tầm,..cho đến giữa thế kỷ thứ 7 đất nước Phù Nam chấm dứt do nước Chân Lạp xâm lược.</div>\n<div><span style="font-weight: bold; color: rgb(0, 0, 205);"><br>\n	</span></div>\n\n\n\n\n\n\n<div><span style="font-weight: bold; color: rgb(0, 0, 205);">Vương quốc Chân Lạp : ( Năm 550 đến năm 802)</span></div>\n\n\n\n\n\n\n<div><br>\n	\n	\n	\n	\n	\n	\n	</div>\n\n\n\n\n\n\n<div>Là một quốc gia do người Khmer sáng lập vào thế kỷ thứ 7 nằm ở Sae Mun (nay thuộc Thái Lan) và Champasack (nay thuộc Nam Lào). Quốc gia này do Bhavavarman sáng lập trong thế kỷ thứ 6, gọi là nước Bhavapura, tức Chân Lạp. Sau khi đánh thắng Phù Nam người Chân Lạp đã ồ ạt di cư xuống phía Nam và dừng chân định cư tại Takeo (cụm di tích Angkor Borey) và Prey Veng (cụm di tích Ba Phnom), trung lưu sông Mekong và Đông Bắc biển Hồ. Isanavarman đã xây dựng kinh đô Isanapura ở gần Kompong Thom.&nbsp;Sau năm 707, Chân Lạp tách thành hai quốc gia Lục Chân Lạp và Thủy Chân Lạp -&gt; Đây chính là thời kỳ khủng hoảng của vương quốc Chân Lạp</div>\n\n\n\n\n\n\n<p><span style="font-weight: bold; color: rgb(0, 0, 205);">Đế quốc Khmer : (Năm 802 đến 1432)</span></p>\n\n\n\n\n\n\n<div>Đầu thế kỷ thứ 9 tức năm 802 vua&nbsp;Jayavarman II đã thống nhất đất nước Campuchia tạo ra một đế chế Khmer hùng mạnh còn gọi là "vương quốc Angkor". Thời kỳ phát triển của đế chế này vào năm&nbsp;944 đến 1181, thời kỳ cực thịnh năm 1181 đến năm 1201, và suy thoái dần từ năm&nbsp;1201 đến năm 1432.</div>\n\n\n\n\n\n\n<div><br>\n	\n	\n	\n	\n	\n	\n	</div>\n\n\n\n\n\n\n<div><span style="font-weight: bold; color: rgb(0, 0, 205);">Thời kỳ hậu Angkor : (Năm 1432 đến năm&nbsp;1863)</span></div>\n\n\n\n\n\n\n<div><br>\n	\n	\n	\n	\n	\n	\n	</div>\n\n\n\n\n\n\n<div>Từ giữ thế kỷ 15 vương quốc Angkok bị liên tục tấn công bởi&nbsp;Ayutthaya (Thái Lan cổ), đến cuối thế kỷ thứ 17 Angkok chịu sức ép giữ hai nước đang bành trướng đó là Đại Việt và Ayutthaya, đến năm 1863 có người Pháp vào bảo hộ cho vương quốc Angkok, chính vì thề mà vương quốc Angkok đã bị lệ thuộc.</div>\n\n\n\n\n\n\n<div><br>\n	\n	\n	\n	\n	\n	\n	</div>\n\n\n\n\n\n\n<div><span style="font-weight: bold; color: rgb(0, 0, 205);">Campuchia thuộc Pháp :&nbsp;(Năm 1863 đến năm 1953)</span></div>\n\n\n\n\n\n\n<div><br>\n	\n	\n	\n	\n	\n	\n	</div>\n\n\n\n\n\n\n<div>Năm 1863 Vua Norodom ký một hiệp ước với Pháp để thành lập một chính quyền bảo hộ trên toàn vương quốc.</div>\n\n\n\n\n\n\n<div><br>\n	\n	\n	\n	\n	\n	\n	</div>\n\n\n\n\n\n\n<div><span style="font-weight: bold; color: rgb(0, 0, 205);">Vương quốc Campuchia : (Năm 1954 đến năm 1975)</span></div>\n\n\n\n\n\n\n<div><br>\n	\n	\n	\n	\n	\n	\n	</div>\n\n\n\n\n\n\n<div>Campuchia tuyên bố độc lập vào năm 1953, trở thành một vương quốc. Năm 1960, Thái tử Norodom Sihanouk lên làm Quốc trưởng chứ không làm vua sau khi vua cha mất. Ông thi hành chính sách trung lập.</div>\n\n\n\n\n\n\n<div><br>\n	\n	\n	\n	\n	\n	\n	</div>\n\n\n\n\n\n\n<div><span style="font-weight: bold; color: rgb(0, 0, 205);">Khmer Đỏ cầm quyền: (Năm 1975 đến năm 1979)</span></div>\n\n\n\n\n\n\n<div><br>\n	\n	\n	\n	\n	\n	\n	</div>\n\n\n\n\n\n\n<div>Năm 1975&nbsp;thành lập nước "Campuchia Dân chủ" do&nbsp;Khmer Đỏ do Pol Pot lãnh đạo nắm được chính quyền.</div>\n\n\n\n\n\n\n<div><br>\n	\n	\n	\n	\n	\n	\n	</div>\n\n\n\n\n\n\n<div><span style="font-weight: bold; color: rgb(0, 0, 205);">Cộng hòa Nhân dân Campuchia (Năm 1979 đến năm 1993)</span></div>\n\n\n\n\n\n\n<div><br>\n	\n	\n	\n	\n	\n	\n	</div>\n\n\n\n\n\n\n<div>Ngày 8 tháng 1 năm 1979 Hội đồng Nhân dân Cách mạng nước Cộng hòa Nhân dân Campuchia do Heng Samrin làm Chủ tịch đã được thành lập. Tuy vậy chính quyền này chỉ được một số nước cộng sản công nhận và chưa tự bảo vệ được mà vẫn cần đến sự có mặt của quân đội Việt Nam.</div>\n\n\n\n\n\n<div><br>\n	\n	\n	\n	\n	\n	</div>\n\n\n\n\n\n<div><span style="font-weight: bold; color: rgb(0, 0, 205);">Vương quốc Campuchia (Tái lập năm 1993 - hiện tại)</span></div>\n\n\n\n\n\n\n<div><br>\n	\n	\n	\n	\n	\n	\n	</div>\n\n\n\n\n\n\n\n\n\n<div>Sau khi cuộc Tổng tuyển cử tự do được Liên Hợp Quốc đứng ra tổ chức tháng 5 năm 1993, các phe phái, chủ yếu các CPP (Đảng Nhân dân Campuchia), FUNCIPEC (Đảng Bảo hoàng)và đảng của Sam Rensi phải mất đến 4 tháng mới thỏa thuận được cơ cấu phân chia quyền lực. Đến tháng 9 năm 1993, Quốc hội và Chính phủ mới được thành lập với nòng cốt là FUNCIPEC và CPP. Quốc hội nhất trí lấy tên nước là Vương quốc Campuchia. Đứng đầu nhà nước là Quốc vương Norodom Sihanuk. Thủ tướng thứ nhất Norodom Ranarit (Chủ tịch Đảng FUNCIPEC), Thủ tướng thứ hai là Hun Xen (Phó Chủ tịch Đảng Nhân dân Campuchia). Chủ tịch quốc hội là Chia Xim (CPP).</div>\n\n\n\n\n<div>Vương quốc Campuchia mở rộng đối ngoại, đối nội, phát triển công nghiệp hóa, nông nghiệp hóa, giao thương với các nước trên thế giới mở rộng tìm nâng cho sự phát triển kinh tế trong tương lai.</div>\n\n\n\n\n<div><br>\n	\n	\n	\n	\n	</div>\n\n\n\n\n<div>Hiện nay vương quốc Campuchia trong thời kỳ phát triển mạnh mẻ đặc biệt là ngành du lịch đa thu hút một lượng khách du lịch quốc tế rất lớn và là một trong những địa điểm du lịch nổi tiếng thế giới.</div>\n\n\n\n\n<div>\n	\n	\n	\n	<h3><span style="color: rgb(107, 142, 35);">Thời tiết và khí hậu Campuchia:</span></h3>\n	\n	\n	\n	<div><br>\n		\n		\n		\n		</div>\n	\n	\n	\n	<div>- Thời tiết tại Campuchia có hai mùa rõ rệt, mùa nắng và mùa mưa, mùa mưa kéo dài từ tháng 5 đến tháng 10, mùa mưa kéo dài từ tháng 11 đến tháng 4.</div>\n	\n	\n	\n	<div>- Khí hậu gió mùa nên trở thành vùng nhiệt đới ẩm và khô rõ rệt, nhiệt độ trung bình từ 25 đến 28 độ C, nhiệt độ thấp trung bình là 22 độ C, nhiệt độ cao trung bình là 32 độ C, tuy nhiên có lúc nhiệt độ lên cao đến tận 38 độ C và thấp nhất là 10 độ C nhưng đây là một số năm khí hậu hiếm thấy.</div>\n	\n	\n	\n	<h3><span style="color: rgb(107, 142, 35);">Dân tộc và ngôn ngữ Campuchia :&nbsp;</span></h3>\n	\n	\n	\n	<div>Đa phần là dân dộc người Khmer chiếm 90%, dân tộc người Khmer chi thành nhiều loại :&nbsp;Khmer giữa (Khmer Kandal),&nbsp;&nbsp;Khmer Thượng (Khmer Loeur) và Khmer Hạ (Khmer Krom), còn lại là 10% thuộc các dân tộc từ nước khác sang như :&nbsp;Mã Lai, Chàm, Lào, Miến Điện, Việt Nam, Thái Lan, Hoa,.</div>\n	\n	\n	\n	<div>Tiếng Khmer là ngôn ngữ chính (95%), còn lại 5% là được sử dụng tiếng Anh, Pháp Việt, Mã Lai, Trung Hoa,..</div>\n	\n	\n	\n	<h3><span style="color: rgb(107, 142, 35);">Du Lịch Campuchia :</span></h3></div>\n\n\n\n\n<div>Sau một thời gian dài 25 năm cô lập, Campuchia mở rộng đón các du khách nước ngoài từ năm 90 và lượng khách tăng dần theo mỗi năm đến thời điểm hiện nay Vương Quốc Campuchia trở thành một địa điểm du lịch hấp dẫn nhất thế giới, những địa điểm thu hút nhất là quần thể Angkok nằm ở Siem Riep, thủ đô&nbsp;Phnom Penh và biển Sihanuk, đấy chính là những địa điểm thu hút khách quốc tế nhất.\n	\n	\n	</div>\n\n<div><br>\n	\n	</div>\n\n<div><span style="font-weight: bold;">Sau đây là những địa điểm du lịch Campuchia :</span></div>\n\n<div><br>\n	\n	</div>\n\n<div><span style="font-weight: bold;">-&nbsp;<a href="http://toptravels.vn/angkor-wat-tai-campuchia.html">Angkor Wat</a>.</span></div>\n\n<div><span style="font-weight: bold;">-&nbsp;<a href="http://toptravels.vn/angkor-thom-tai-campuchia.html">Angkor Thom</a>.</span></div>\n\n<div><span style="font-weight: bold;">-&nbsp;<a href="http://toptravels.vn/chua-vang-chua-bac-tai-campuchia.html">Chùa vàng - Chùa Bạc</a>.</span></div>\n\n<div><span style="font-weight: bold;">-&nbsp;<a href="http://toptravels.vn/tuong-dai-huu-nghi-viet-nam-campuchia.html">Đài tưởng niệm Việt Nam – Cambodia</a>.</span></div>\n\n<div><span style="font-weight: bold;">-&nbsp;Bãi biển Sihanoukville.</span></div>\n\n<div><span style="font-weight: bold;">-&nbsp;<a href="http://toptravels.vn/bao-tang-quoc-gia-tai-campuchia.html">Bảo tàng quốc gia Campuchia</a>.</span></div>\n\n<div><span style="font-weight: bold;">-&nbsp;<a href="http://toptravels.vn/nui-ta-lon-tai-campuchia.html">Núi Tà Lơn (Bokor)</a>.</span></div>\n\n<div><span style="font-weight: bold;">-&nbsp;<a href="http://toptravels.vn/ngoi-den-banteay-srei-tai-campuchia.html">Ngôi đền Banteay Srei</a>.</span></div>\n\n<div><span style="font-weight: bold;">-&nbsp;<a href="http://toptravels.vn/co-do-oudong-tai-campuchia.html">Cố Đô Oudong</a>.</span></div>\n\n<div><span style="font-weight: bold;">-&nbsp;<a href="http://toptravels.vn/cung-dien-hoang-gia-tai-campuchia.html">Cung Điện Hoàng Gia</a>.</span></div>\n\n<div><span style="font-weight: bold;">- <a href="http://toptravels.vn/chua-wat-phnom-tai-campuchia.html">Chùa Wat Phnom</a></span></div>\n\n<div>Và một số địa điểm khác nữa.</div>\n\n<div><br>\n	\n	</div>\n\n<div><br>\n	\n	</div>\n', 16, 1),
(2, 'TOUR THÁI LAN GIÁ RẺ 2014 - ƯU ĐÃI ĐẾN BẤT NGỜ', 'Ô tô', '2014-12-30', '2015-01-04', 5850000, 'Thiên đường du lịch Thái Lan nơi con người thân thiện và vui vẻ, đất nước nhiệt đới độc đáo, nền văn hóa và lịch sử lâu đời. Thái Lan tỏa sáng với những ngôi đền rực rỡ nguy nga, những bãi biển vàng và những nụ cười Thái Lan tươi thắm. Du lịch Thái Lan có mọi thứ: cảnh đẹp chùa tháp, bãi biển, thành phố, và ẩm ...', '250814021234.jpg', '\n<div style="color: rgb(51, 51, 51); font-family: Arial, sans-serif; font-size: medium; text-align: justify;">\n<h1 style="text-align: center;"><span style="color: red;">DU LỊCH THÁI LAN</span></h1>\n<div style="color: rgb(51, 51, 51); font-family: Arial, sans-serif; font-size: medium; text-align: justify;">\n	<ul>\n		<li>\n			<span><span style="font-family:arial,helvetica,sans-serif;">Kỉ lục guiness: Tượng phật Thích Ca dát vàng Cao 118 m, được khắc vào núi Khau Chee Chan dâng tặng đức vua Rama IX nhận dịp nhà vua lên ngôi được 50 năm.</span></span></li>\n		<li>\n			<span><span style="font-family:arial,helvetica,sans-serif;">Thưởng thức các loại Đặc sản Thái Lan trong thực đơn hàng ngày.</span></span></li>\n		<li>\n			<span><span style="font-family:arial,helvetica,sans-serif;">Dạo thuyền tham quan đời sống ven sông của người dân Thái và xem hiện tượng cá nổi trên sông Chao Phra Yao.</span></span></li>\n		<li>\n			<span><span style="font-family:arial,helvetica,sans-serif;">Tìm hiểu ngôi chùa Thuyền - Wat Yannawa – Ngôi chùa có bề dày lịch sử gắn liền với công cuộc đấu tranh giữ nước của dân tộc Thái.</span></span></li>\n		<li>\n			<span><span style="font-family:arial,helvetica,sans-serif;">Đi cano cao tốc tham quan và tắm biển tại đảo Coral (Đảo San Hô).</span></span></li>\n		<li>\n			<span><span style="font-family:arial,helvetica,sans-serif;">Tham quan Toà Nhà Tỷ Phú hoành tráng bậc nhất Thái Lan.</span></span></li>\n		<li>\n			<span><span style="font-family:arial,helvetica,sans-serif;">Vườn Nho Silver Lake</span></span></li>\n		<li>\n			<span><span style="font-family:arial,helvetica,sans-serif;">Thưởng thức chương trình ca nhạc tạp kỹ do các diễn viên chuyển đổi giới tính biểu diễn.</span></span></li>\n		<li>\n			<span><span style="font-family:arial,helvetica,sans-serif;">Tham quan vườn thú hoang dã Safari World Khao Kheow&nbsp;</span></span></li>\n		<li>\n			<span><span style="font-family:arial,helvetica,sans-serif;">Thuơng thức tiệc buffet 5 sao với hàng trăm món ăn đặc sắc ơ Nhà hàng Baiyoke Sky.</span></span></li>\n	</ul>\n	<div>\n		<span><span style="font-family:arial,helvetica,sans-serif;"><strong style="color: rgb(255, 0, 0);">NGÀY 01: TP. HỒ CHÍ MINH – BANGKOK (Ăn nhẹ trên máy bay)</strong></span></span></div>\n</div>\n<div>\n	<span><span style="font-family:arial,helvetica,sans-serif;">Trưởng đoàn của Cty Spacetours sẽ đón quý khách tại sân bay Tân Sơn Nhất,Quốc Tế .Sau đó trưởng đoàn làm thủ tục để đáp chuyến bay đi Thái Lan. Đến sân bay Suvarnabhumi &nbsp;của vương quốc Thái.Sau đó xe đưa Quý khách về khách sạn nhận phòng nghỉ ngơi hoặc tự do khám phá Bangkok về đêm…&nbsp;</span></span></div>\n<div style="text-align: center;">\n	<span><span style="font-family:arial,helvetica,sans-serif;"><img alt="" src="image_data/tournuocngoai/2/2-1.jpg" style="width: 430px; height: 307px;"></span></span></div>\n<div style="text-align: center;">\n	&nbsp;</div>\n<div>\n	<div>\n		<span><span style="font-family:arial,helvetica,sans-serif;"><span style="color:#ff0000;"><strong>NGÀY 02: BANGKOK – PATTAYA (Ăn sáng, trưa, chiều)</strong></span></span></span></div>\n	<div>\n		<div>\n			<span><span style="font-family:arial,helvetica,sans-serif;">Dạo thuyền trên dòng sông Chaophraya Huyền thoại. Xem thuyền Rồng của nhà vua, xem hiện tượng cá nổi trên sông.</span></span></div>\n		<div>\n			<span><span style="font-family:arial,helvetica,sans-serif;">Tham quan Hoàng Cung Ngũ Thế Hoàng, được vua Rama V xây dựng vào năm 1901,và từ đó đến nay vẫn luôn được bảo tồn cẩn thận để quảng bá sự huy hoàng và thịnh vượng của một thời kì hoàng kim.- Đây là tòa nhà bằng gỗ Teak màu vàng đẹp và lớn nhất thế giới,trong Hoàng Cung trưng bày các tác phẩm như: Ngà voi – Thủy Tinh – Đồ vật bằng bạc – Đồ sành sứ - Đồ cổ….&nbsp;</span></span></div>\n		<div>\n			<span><span style="font-family:arial,helvetica,sans-serif;">Sau đó xe đi thẳng về thành phố ma quỷ Pattaya,&nbsp;</span></span></div>\n		<div>\n			&nbsp;</div>\n	</div>\n	<div>\n		&nbsp;</div>\n	<div style="text-align: center;">\n		<span><span style="font-family:arial,helvetica,sans-serif;"><img alt="" src="image_data/tournuocngoai/2/2-2.jpg" style="text-align: center; width: 500px; height: 318px;"></span></span></div>\n	<div>\n		&nbsp;</div>\n	<div>\n		<div>\n			&nbsp;</div>\n		<div>\n			<div>\n				<span><span style="font-family:arial,helvetica,sans-serif;">‘’Đồi vọng cảnh Phra Tamak’’, tại đây Du Khách thỏa sức ngắm cảnh trên biển Pattaya và chiêm ngưỡng vẻ đẹp lộng lẫy của toàn cảnh thành phố nhộn nhịp này. Ngoài ra Du Khách có thể chiêm bái, đốt pháo cầu phúc, cầu may để tỏ lòng tôn kính tại đài tưởng niệm của Đại Tướng Krom Luang Chumporn, cha đẻ của ngành hải quân hoàng gia Thái Lan. Được người dân Thái tôn kính với lòng dũng cảm và ngay thẳng của Ông.</span></span></div>\n			<div>\n				<span><span style="font-family:arial,helvetica,sans-serif;">khi đến nơi Quý khách dùng bữa tối, về khách sạn nhận phòng nghỉ ngơi hoặc tham gia các show về đêm tại Pataya (chi phí tự túc)…</span></span></div>\n			<div>\n				&nbsp;</div>\n		</div>\n	</div>\n	<div style="text-align: center;">\n		<span><span style="font-family:arial,helvetica,sans-serif;"><img alt="" src="image_data/tournuocngoai/2/2-3.jpg" style="width: 500px; height: 303px;"></span></span></div>\n	<div>\n		&nbsp;</div>\n</div>\n<div>\n	<div>\n		<span><span style="font-family:arial,helvetica,sans-serif;"><span style="color:#ff0000;"><strong>NGÀY 03: THAM QUAN PATTAYA - ĐẢO CORAL (Ăn sáng, trưa, chiều)</strong></span></span></span></div>\n	<div>\n		<div>\n			<span><span style="font-family:arial,helvetica,sans-serif;">Sau khi ăn sáng, Quý khách khởi hành đi Đảo San Hô(Coral) Bằng tàu cao tốc, tại đây Quý khách có thể tắm biển hay tham gia các trò chơi trên biển như: Dù kéo, Lướt ván, Lái Canô, Thám hiểm dưới đáy biển…(Chi phí tự túc).</span></span></div>\n		<div>\n			<span><span style="font-family:arial,helvetica,sans-serif;">Tham quan xưởng chế tác đá quý (Một trung tâm trưng bày đá quý đạt tiêu chuẩn ISO 9001) Thái Lan được biết đến là một quốc gia nổi tiếng khai thác về đá quý.</span></span></div>\n		<div>\n			<span><span style="font-family:arial,helvetica,sans-serif;">Tham quan Toà nhà Tỷ Phú - một trong những công trình kiến trúc hoành tráng và tốn kém bậc nhất Thái Lan.</span></span></div>\n		<div>\n			&nbsp;</div>\n		<div>\n			&nbsp;</div>\n	</div>\n	<div style="text-align: center;">\n		<span><span style="font-family:arial,helvetica,sans-serif;"><img alt="" src="image_data/tournuocngoai/2/2-4.jpg" style="width: 432px; height: 268px;"></span></span></div>\n	<div>\n		&nbsp;</div>\n	<div>\n		<div>\n			<span><span style="font-family:arial,helvetica,sans-serif;">Quý khách ăn trưa,Tiếp đến tham quan Trân Bảo Phật Sơn - núi Phật được khắc bằng vàng 24k, cao 140 mét được chiếu bằng tia laze khắc lên vách núi để tặng cho vua Rama IX nhân dịp 50 năm trị vì vương quốc Thái Lan.</span></span></div>\n		<div>\n			<span><span style="font-family:arial,helvetica,sans-serif;">Quý khách tiếp tục tham quan Bảo Tàng Sáp của Thái Lan.</span></span></div>\n		<div>\n			&nbsp;</div>\n		<div style="text-align: center;">\n			<span><span style="font-family:arial,helvetica,sans-serif;"><img alt="" src="image_data/tournuocngoai/2/2-5.jpg" style="text-align: center; width: 500px; height: 305px;"></span></span></div>\n		<div>\n			&nbsp;</div>\n		<div>\n			<span><span style="font-family:arial,helvetica,sans-serif;">Sau đó xe đưa đoàn tham quan Vườn nho Silver Lake, một cánh đồng nho rộng lớn với rất nhiều&nbsp;</span></span></div>\n	</div>\n	<div>\n		<div>\n			<span><span style="font-family:arial,helvetica,sans-serif;">hoa, có cả vườn bầu khổng lồ, bí khổng lồ. Chủ nhân của khu vườn này là một cô gái đẹp, khu vườn này là món quà của một người trong hoàng gia tặng cho người yêu mình. Phía bên ngoài có một cửa hàng lớn bán các sản phẩm làm từ nho, nước ép nho, kẹo nho, mứt nho... Tại đây quý khách có thể tự do mua quà về biếu tặng bạn bè và gia đình.</span></span></div>\n		<div>\n			<span><span style="font-family:arial,helvetica,sans-serif;">Chiều tối. Sau đó quý khách sẽ được tận hưởng dịch vụ massage Thái cổ truyền giúp lưu thông khí huyết và đánh thức sức mạnh tiềm ẩn trong cơ thể. Sau đó sẽ là thời gian tự do mua sắm tại các siêu thị và thưởng thức các món ăn Thái Lan. Quý khách dùng bữa tối và tự do khám phá Pataya…&nbsp;</span></span></div>\n	</div>\n	<div>\n		&nbsp;</div>\n	<div style="text-align: center;">\n		<span><span style="font-family:arial,helvetica,sans-serif;"><img alt="" src="image_data/tournuocngoai/2/2-6.jpg" style="width: 450px; height: 293px;"></span></span></div>\n</div>\n<div>\n	&nbsp;</div>\n<div>\n	<span><span style="font-family:arial,helvetica,sans-serif;"><span style="color:#ff0000;"><strong>NGÀY 04: PATTAYA – BANGKOK (Ăn sáng, trưa, chiều)</strong></span></span></span></div>\n<div>\n	<p>\n		<span><span style="font-family:arial,helvetica,sans-serif;">Ăn sáng tại khách sạn. Xe đưa Quý khách tham quan + Sau khi ăn sáng, Đoàn sẽ tham quan <strong>Vườn thú hoang dã SAFARI WORLD KHAO KHEOW </strong>&nbsp;- Tại đây quý khách sẽ được tận mắt chứng kiến đời sống hoang dã của những loài thú quý hiếm trên Thế Giới, tận hưởng các chương trình show biểu diễn hoành tráng</span></span></p>\n	<p>\n		<span><span style="font-family:arial,helvetica,sans-serif;"><strong>Tham quan Trung tâm yến sào </strong>và tìm hiểu về các loại yến.</span></span></p>\n	<p>\n		<span><span style="font-family:arial,helvetica,sans-serif;">Đến <strong>cửa hàng bán các loại thổ sản Thái </strong>để dùng thử và mua sắm.</span></span></p>\n</div>\n<div style="text-align: center;">\n	<span><span style="font-family:arial,helvetica,sans-serif;"><img alt="" src="image_data/tournuocngoai/2/2-7.jpg" style="width: 500px; height: 336px;"></span></span></div>\n<div>\n	&nbsp;</div>\n<div>\n	<p>\n		<span><span style="font-family:arial,helvetica,sans-serif;"><strong><em>Quý khách được thưởng thức BUFFET cao cấp với hơn 150 món tự chọn: Tổ Yến, Thịt Bò ngoại nhập…tại Tòa Nhà 88 tầng Baiyoke Skye</em></strong>&nbsp;– cao nhất thủ đô Bangkok. Tại đây quý khách còn đươc chiêm ngưỡng toàn cảnh thủ đô Bangkok và lưu lại những khoảnh khắc tuyện vời tại đây.</span></span></p>\n	<p>\n		<span><span style="font-family:arial,helvetica,sans-serif;">Tham quan&nbsp;<strong>chùa Phật Vàng lớn nhất thế giới</strong>: cao 3 mét và nặng hơn 5,5 tấn. Tượng được đúc theo phong cách Sukhothai tĩnh lặng và được khám phá một cách tình cờ vào thập niên 1950 Người địa phương cho rằng bức tượng lớn nhất thế giới này biểu thị cho sự thịnh vượng và thuần khiết cũng như sức mạnh và quyền năng.</span></span></p>\n</div>\n<div>\n	&nbsp;</div>\n<div style="text-align: center;">\n	<span><span style="font-family:arial,helvetica,sans-serif;"><img alt="" src="image_data/tournuocngoai/2/2-8.jpg" style="width: 500px; height: 335px;"></span></span></div>\n<div>\n	&nbsp;</div>\n<div>\n	<p>\n		<span><span style="font-family:arial,helvetica,sans-serif;">Tham quan&nbsp;<strong>Trung tâm nghiên cứu rắn độc Hoàng gia.</strong></span></span></p>\n	<p>\n		<span><span style="font-family:arial,helvetica,sans-serif;">Đoàn đến tham quan&nbsp;<strong>ngôi chùa thuyền Wat Yannawa</strong>&nbsp;nổi tiếng linh thiêng nhất Bangkok</span></span></p>\n	<p>\n		<span><span style="font-family:arial,helvetica,sans-serif;">Sau đó Quý khách sẽ thưởng thức&nbsp;<strong>chương trình biểu diễn ca múa nhạc hoành tráng (show Bêđê) do các vũ công chuyển đổi giới tính thực hiện</strong></span></span></p>\n	<p>\n		&nbsp;</p>\n</div>\n<div>\n	<span><span style="font-family:arial,helvetica,sans-serif;"><span style="color:#ff0000;"><strong>NGÀY 05: THAM QUAN BANGKOK (free day)</strong></span></span></span></div>\n<div>\n	<p>\n		<span><span style="font-family:arial,helvetica,sans-serif;">Ăn sáng tại khách sạn. Quý khách tự do đi tham quan mua sắm tại các siêu thị lớn như: WORLD TRADE CENTRE, BAIYOKE SKY, PRATUNAM MARKET, PLATINUM, ROBINSON SILOM, RACHADA SAGO MARKET</span></span></p>\n	<p>\n		<span><span style="font-family:arial,helvetica,sans-serif;">Quý khách có thể đăng ký tham quan các địa danh nổi tiếng khác của Thái Lan như:&nbsp;<strong>Đền cổ Ayutthaya, Mini Siam, Siam Miramit,….( chí phí tự túc )</strong></span></span></p>\n</div>\n<div style="text-align: center;">\n	<span><span style="font-family:arial,helvetica,sans-serif;"><img alt="" src="image_data/tournuocngoai/2/2-9.jpg" style="width: 500px; height: 333px;"></span></span></div>\n<div>\n	&nbsp;</div>\n<div>\n	<span><span style="font-family:arial,helvetica,sans-serif;"><span style="color:#ff0000;"><strong>NGÀY 06: &nbsp;BANGKOK - TP. HỒ CHÍ MINH (Ăn sáng)</strong></span></span></span></div>\n<div>\n	<span><span style="font-family:arial,helvetica,sans-serif;">Ăn sáng tại khách sạn. Đoàn khởi hành tham quan Trung Tâm trưng bày các loại thuộc da nổi tiếng của Thái Lan như da cá sấu, cá đuối, voi ... Sau đó xe đưa Quý khách ra sân bay Survanahumi đáp chuyến bay về TP.HCM. Đoàn về đến sân bay Tân Sơn Nhất. Kết thúc chuyến tham quan. Chia tay đoàn và hẹn gặp lại.</span></span></div>\n<div>\n	&nbsp;</div>\n<div>\n	&nbsp;</div>\n\n                                                </div>\n', 32, 1),
(3, 'Khám phá Bảo Lộc 2014', 'Ô tô', '2014-12-30', '2015-01-01', 1675000, 'Trong khí hậu se lạnh ở miền cao, bên bờ hồ thơ mộng khu du lịch DamB''ri, Quý khách thưởng thức hương vị cà phê B''lao hoặc sinh hoạt lửa trại, giao lưu văn nghệ cồng chiêng với đồng bào dân tộc Châu Mạ, uống rượu cần, ăn cơm lam, thịt nướng…nghỉ đêm tại Bảo Lộc. Một chuyến đi vô cùng hấp dẫn...', '180713093249.jpg', '\n<h1 style="text-align: center;"><span style="color: red;">KHÁM PHÁ BẢO LỘC</span></h1>\n<div>Campuchia là một quốc gia thuộc Đông Nam Á, nổi tiếng là một quốc gia có nhiều chùa, đền đài và đặc biệt là công trình kiến trúc độc đáo và đầy huyền bí Angkok Wat và Angkok Thom đã thu hút hàng triệu du khách quốc tế hàng năm và hiện tại Campuchia đã trở thành một địa điểm du lịch hấp dẫn nhất thế giới.</div>\n<div><br>\n	</div>\n<div style="text-align: center;">\n	<img src="image_data/tournuocngoai/1/1-1.jpg" alt="vuong-quoc-campuchia" align="" border="0px"></div>\n<h3><span style="color: rgb(107, 142, 35);">Vị trí địa lý Campuchia:</span></h3>\n<div>Vương quốc Campuchia có diện tích khoảng 181.035 km2, phía Bắc giáp với Lào có đường biên giới là 541 km, phía Đông giáp với Việt Nam có đường biên giới là 1.137 km, phía Tây giáp Thái Lan và phía nam giáp với Vịnh Thái Lan có đường biên giới là 800 km.&nbsp;Đồng bằng chiếm 1/2 diện tích tập trung ở hướng Nam và Đông Nam, còn lại là núi, đồi bao quanh đất nước.</div>\n<h3><span style="color: rgb(107, 142, 35);">Lịch sử Campuchia :</span></h3>\n<div><span style="font-weight: bold; color: rgb(0, 0, 205);">Vương quốc Phù Nam : (Đầu thế kỷ 1 đến năm 550)</span></div>\n<div><br>\n	</div>\n<div>Được biết đến đất nước Campuchia đầu tiên có tên nước là Phù Nam vào khoảng thế kỷ thứ 1, triệu đại Phù Nam đầu tiên qua 4 đời kế vị đó là :&nbsp;Hỗn Điền, Con Hỗn Điền (chưa rõ tên họ), Hỗn Bàn Huống, Hỗn Bàn Bàn, kế tiếp là một vị tướng đã lên ngôi đó là Phạm Sư Man -&gt; Phạm Chiêu -&gt; Phạm Tràng -&gt; Phạm Tầm,..cho đến giữa thế kỷ thứ 7 đất nước Phù Nam chấm dứt do nước Chân Lạp xâm lược.</div>\n<div><span style="font-weight: bold; color: rgb(0, 0, 205);"><br>\n	</span></div>\n\n\n\n\n\n\n<div><span style="font-weight: bold; color: rgb(0, 0, 205);">Vương quốc Chân Lạp : ( Năm 550 đến năm 802)</span></div>\n\n\n\n\n\n\n<div><br>\n	\n	\n	\n	\n	\n	\n	</div>\n\n\n\n\n\n\n<div>Là một quốc gia do người Khmer sáng lập vào thế kỷ thứ 7 nằm ở Sae Mun (nay thuộc Thái Lan) và Champasack (nay thuộc Nam Lào). Quốc gia này do Bhavavarman sáng lập trong thế kỷ thứ 6, gọi là nước Bhavapura, tức Chân Lạp. Sau khi đánh thắng Phù Nam người Chân Lạp đã ồ ạt di cư xuống phía Nam và dừng chân định cư tại Takeo (cụm di tích Angkor Borey) và Prey Veng (cụm di tích Ba Phnom), trung lưu sông Mekong và Đông Bắc biển Hồ. Isanavarman đã xây dựng kinh đô Isanapura ở gần Kompong Thom.&nbsp;Sau năm 707, Chân Lạp tách thành hai quốc gia Lục Chân Lạp và Thủy Chân Lạp -&gt; Đây chính là thời kỳ khủng hoảng của vương quốc Chân Lạp</div>\n\n\n\n\n\n\n<p><span style="font-weight: bold; color: rgb(0, 0, 205);">Đế quốc Khmer : (Năm 802 đến 1432)</span></p>\n\n\n\n\n\n\n<div>Đầu thế kỷ thứ 9 tức năm 802 vua&nbsp;Jayavarman II đã thống nhất đất nước Campuchia tạo ra một đế chế Khmer hùng mạnh còn gọi là "vương quốc Angkor". Thời kỳ phát triển của đế chế này vào năm&nbsp;944 đến 1181, thời kỳ cực thịnh năm 1181 đến năm 1201, và suy thoái dần từ năm&nbsp;1201 đến năm 1432.</div>\n\n\n\n\n\n\n<div><br>\n	\n	\n	\n	\n	\n	\n	</div>\n\n\n\n\n\n\n<div><span style="font-weight: bold; color: rgb(0, 0, 205);">Thời kỳ hậu Angkor : (Năm 1432 đến năm&nbsp;1863)</span></div>\n\n\n\n\n\n\n<div><br>\n	\n	\n	\n	\n	\n	\n	</div>\n\n\n\n\n\n\n<div>Từ giữ thế kỷ 15 vương quốc Angkok bị liên tục tấn công bởi&nbsp;Ayutthaya (Thái Lan cổ), đến cuối thế kỷ thứ 17 Angkok chịu sức ép giữ hai nước đang bành trướng đó là Đại Việt và Ayutthaya, đến năm 1863 có người Pháp vào bảo hộ cho vương quốc Angkok, chính vì thề mà vương quốc Angkok đã bị lệ thuộc.</div>\n\n\n\n\n\n\n<div><br>\n	\n	\n	\n	\n	\n	\n	</div>\n\n\n\n\n\n\n<div><span style="font-weight: bold; color: rgb(0, 0, 205);">Campuchia thuộc Pháp :&nbsp;(Năm 1863 đến năm 1953)</span></div>\n\n\n\n\n\n\n<div><br>\n	\n	\n	\n	\n	\n	\n	</div>\n\n\n\n\n\n\n<div>Năm 1863 Vua Norodom ký một hiệp ước với Pháp để thành lập một chính quyền bảo hộ trên toàn vương quốc.</div>\n\n\n\n\n\n\n<div><br>\n	\n	\n	\n	\n	\n	\n	</div>\n\n\n\n\n\n\n<div><span style="font-weight: bold; color: rgb(0, 0, 205);">Vương quốc Campuchia : (Năm 1954 đến năm 1975)</span></div>\n\n\n\n\n\n\n<div><br>\n	\n	\n	\n	\n	\n	\n	</div>\n\n\n\n\n\n\n<div>Campuchia tuyên bố độc lập vào năm 1953, trở thành một vương quốc. Năm 1960, Thái tử Norodom Sihanouk lên làm Quốc trưởng chứ không làm vua sau khi vua cha mất. Ông thi hành chính sách trung lập.</div>\n\n\n\n\n\n\n<div><br>\n	\n	\n	\n	\n	\n	\n	</div>\n\n\n\n\n\n\n<div><span style="font-weight: bold; color: rgb(0, 0, 205);">Khmer Đỏ cầm quyền: (Năm 1975 đến năm 1979)</span></div>\n\n\n\n\n\n\n<div><br>\n	\n	\n	\n	\n	\n	\n	</div>\n\n\n\n\n\n\n<div>Năm 1975&nbsp;thành lập nước "Campuchia Dân chủ" do&nbsp;Khmer Đỏ do Pol Pot lãnh đạo nắm được chính quyền.</div>\n\n\n\n\n\n\n<div><br>\n	\n	\n	\n	\n	\n	\n	</div>\n\n\n\n\n\n\n<div><span style="font-weight: bold; color: rgb(0, 0, 205);">Cộng hòa Nhân dân Campuchia (Năm 1979 đến năm 1993)</span></div>\n\n\n\n\n\n\n<div><br>\n	\n	\n	\n	\n	\n	\n	</div>\n\n\n\n\n\n\n<div>Ngày 8 tháng 1 năm 1979 Hội đồng Nhân dân Cách mạng nước Cộng hòa Nhân dân Campuchia do Heng Samrin làm Chủ tịch đã được thành lập. Tuy vậy chính quyền này chỉ được một số nước cộng sản công nhận và chưa tự bảo vệ được mà vẫn cần đến sự có mặt của quân đội Việt Nam.</div>\n\n\n\n\n\n<div><br>\n	\n	\n	\n	\n	\n	</div>\n\n\n\n\n\n<div><span style="font-weight: bold; color: rgb(0, 0, 205);">Vương quốc Campuchia (Tái lập năm 1993 - hiện tại)</span></div>\n\n\n\n\n\n\n<div><br>\n	\n	\n	\n	\n	\n	\n	</div>\n\n\n\n\n\n\n\n\n\n<div>Sau khi cuộc Tổng tuyển cử tự do được Liên Hợp Quốc đứng ra tổ chức tháng 5 năm 1993, các phe phái, chủ yếu các CPP (Đảng Nhân dân Campuchia), FUNCIPEC (Đảng Bảo hoàng)và đảng của Sam Rensi phải mất đến 4 tháng mới thỏa thuận được cơ cấu phân chia quyền lực. Đến tháng 9 năm 1993, Quốc hội và Chính phủ mới được thành lập với nòng cốt là FUNCIPEC và CPP. Quốc hội nhất trí lấy tên nước là Vương quốc Campuchia. Đứng đầu nhà nước là Quốc vương Norodom Sihanuk. Thủ tướng thứ nhất Norodom Ranarit (Chủ tịch Đảng FUNCIPEC), Thủ tướng thứ hai là Hun Xen (Phó Chủ tịch Đảng Nhân dân Campuchia). Chủ tịch quốc hội là Chia Xim (CPP).</div>\n\n\n\n\n<div>Vương quốc Campuchia mở rộng đối ngoại, đối nội, phát triển công nghiệp hóa, nông nghiệp hóa, giao thương với các nước trên thế giới mở rộng tìm nâng cho sự phát triển kinh tế trong tương lai.</div>\n\n\n\n\n<div><br>\n	\n	\n	\n	\n	</div>\n\n\n\n\n<div>Hiện nay vương quốc Campuchia trong thời kỳ phát triển mạnh mẻ đặc biệt là ngành du lịch đa thu hút một lượng khách du lịch quốc tế rất lớn và là một trong những địa điểm du lịch nổi tiếng thế giới.</div>\n\n\n\n\n<div>\n	\n	\n	\n	<h3><span style="color: rgb(107, 142, 35);">Thời tiết và khí hậu Campuchia:</span></h3>\n	\n	\n	\n	<div><br>\n		\n		\n		\n		</div>\n	\n	\n	\n	<div>- Thời tiết tại Campuchia có hai mùa rõ rệt, mùa nắng và mùa mưa, mùa mưa kéo dài từ tháng 5 đến tháng 10, mùa mưa kéo dài từ tháng 11 đến tháng 4.</div>\n	\n	\n	\n	<div>- Khí hậu gió mùa nên trở thành vùng nhiệt đới ẩm và khô rõ rệt, nhiệt độ trung bình từ 25 đến 28 độ C, nhiệt độ thấp trung bình là 22 độ C, nhiệt độ cao trung bình là 32 độ C, tuy nhiên có lúc nhiệt độ lên cao đến tận 38 độ C và thấp nhất là 10 độ C nhưng đây là một số năm khí hậu hiếm thấy.</div>\n	\n	\n	\n	<h3><span style="color: rgb(107, 142, 35);">Dân tộc và ngôn ngữ Campuchia :&nbsp;</span></h3>\n	\n	\n	\n	<div>Đa phần là dân dộc người Khmer chiếm 90%, dân tộc người Khmer chi thành nhiều loại :&nbsp;Khmer giữa (Khmer Kandal),&nbsp;&nbsp;Khmer Thượng (Khmer Loeur) và Khmer Hạ (Khmer Krom), còn lại là 10% thuộc các dân tộc từ nước khác sang như :&nbsp;Mã Lai, Chàm, Lào, Miến Điện, Việt Nam, Thái Lan, Hoa,.</div>\n	\n	\n	\n	<div>Tiếng Khmer là ngôn ngữ chính (95%), còn lại 5% là được sử dụng tiếng Anh, Pháp Việt, Mã Lai, Trung Hoa,..</div>\n	\n	\n	\n	<h3><span style="color: rgb(107, 142, 35);">Du Lịch Campuchia :</span></h3></div>\n\n\n\n\n<div>Sau một thời gian dài 25 năm cô lập, Campuchia mở rộng đón các du khách nước ngoài từ năm 90 và lượng khách tăng dần theo mỗi năm đến thời điểm hiện nay Vương Quốc Campuchia trở thành một địa điểm du lịch hấp dẫn nhất thế giới, những địa điểm thu hút nhất là quần thể Angkok nằm ở Siem Riep, thủ đô&nbsp;Phnom Penh và biển Sihanuk, đấy chính là những địa điểm thu hút khách quốc tế nhất.\n	\n	\n	</div>\n\n<div><br>\n	\n	</div>\n\n<div><span style="font-weight: bold;">Sau đây là những địa điểm du lịch Campuchia :</span></div>\n\n<div><br>\n	\n	</div>\n\n<div><span style="font-weight: bold;">-&nbsp;<a href="http://toptravels.vn/angkor-wat-tai-campuchia.html">Angkor Wat</a>.</span></div>\n\n<div><span style="font-weight: bold;">-&nbsp;<a href="http://toptravels.vn/angkor-thom-tai-campuchia.html">Angkor Thom</a>.</span></div>\n\n<div><span style="font-weight: bold;">-&nbsp;<a href="http://toptravels.vn/chua-vang-chua-bac-tai-campuchia.html">Chùa vàng - Chùa Bạc</a>.</span></div>\n\n<div><span style="font-weight: bold;">-&nbsp;<a href="http://toptravels.vn/tuong-dai-huu-nghi-viet-nam-campuchia.html">Đài tưởng niệm Việt Nam – Cambodia</a>.</span></div>\n\n<div><span style="font-weight: bold;">-&nbsp;Bãi biển Sihanoukville.</span></div>\n\n<div><span style="font-weight: bold;">-&nbsp;<a href="http://toptravels.vn/bao-tang-quoc-gia-tai-campuchia.html">Bảo tàng quốc gia Campuchia</a>.</span></div>\n\n<div><span style="font-weight: bold;">-&nbsp;<a href="http://toptravels.vn/nui-ta-lon-tai-campuchia.html">Núi Tà Lơn (Bokor)</a>.</span></div>\n\n<div><span style="font-weight: bold;">-&nbsp;<a href="http://toptravels.vn/ngoi-den-banteay-srei-tai-campuchia.html">Ngôi đền Banteay Srei</a>.</span></div>\n\n<div><span style="font-weight: bold;">-&nbsp;<a href="http://toptravels.vn/co-do-oudong-tai-campuchia.html">Cố Đô Oudong</a>.</span></div>\n\n<div><span style="font-weight: bold;">-&nbsp;<a href="http://toptravels.vn/cung-dien-hoang-gia-tai-campuchia.html">Cung Điện Hoàng Gia</a>.</span></div>\n\n<div><span style="font-weight: bold;">- <a href="http://toptravels.vn/chua-wat-phnom-tai-campuchia.html">Chùa Wat Phnom</a></span></div>\n\n<div>Và một số địa điểm khác nữa.</div>\n\n<div><br>\n	\n	</div>\n\n<div><br>\n	\n	</div>\n', 64, 1);
INSERT INTO `tour` (`Ma_tour`, `Ten_tour`, `Phuong_tien`, `Ngay_bat_dau`, `Ngay_ket_thuc`, `Gia`, `Noi_dung`, `Hinh_anh`, `Noi_dung2`, `So_cho_toi_da`, `AnHien`) VALUES
(5, 'Du lịch Tiền Giang - Bến Tre 2014', 'Ô tô', '2014-12-29', '2014-12-30', 560000, 'Đón khách tại điểm hẹn và khởi hành theo quốc lộ 1A, tới Mỹ Tho, du khách ăn sáng, xe đưa đoàn đi qua vài khu phố thị, du khách tham quan một thoáng thành phố đã có thời rất phồn vinh với tên "Mỹ Tho Đại Phố". Tới bến tàu du lịch Chương Dương, du khách ngồi tàu vượt sông Tiền, thưởng ngoạn phong cảnh xanh tươi của cây trái, trên các cù lao...', '190713092425.jpg', '\n<h1 style="text-align: center;"><span style="color: red;">DU LỊCH TIỀN GIANG</span></h1>\n<div>Campuchia là một quốc gia thuộc Đông Nam Á, nổi tiếng là một quốc gia có nhiều chùa, đền đài và đặc biệt là công trình kiến trúc độc đáo và đầy huyền bí Angkok Wat và Angkok Thom đã thu hút hàng triệu du khách quốc tế hàng năm và hiện tại Campuchia đã trở thành một địa điểm du lịch hấp dẫn nhất thế giới.</div>\n<div><br>\n	</div>\n<div style="text-align: center;">\n	<img src="image_data/tournuocngoai/1/1-1.jpg" alt="vuong-quoc-campuchia" align="" border="0px"></div>\n<h3><span style="color: rgb(107, 142, 35);">Vị trí địa lý Campuchia:</span></h3>\n<div>Vương quốc Campuchia có diện tích khoảng 181.035 km2, phía Bắc giáp với Lào có đường biên giới là 541 km, phía Đông giáp với Việt Nam có đường biên giới là 1.137 km, phía Tây giáp Thái Lan và phía nam giáp với Vịnh Thái Lan có đường biên giới là 800 km.&nbsp;Đồng bằng chiếm 1/2 diện tích tập trung ở hướng Nam và Đông Nam, còn lại là núi, đồi bao quanh đất nước.</div>\n<h3><span style="color: rgb(107, 142, 35);">Lịch sử Campuchia :</span></h3>\n<div><span style="font-weight: bold; color: rgb(0, 0, 205);">Vương quốc Phù Nam : (Đầu thế kỷ 1 đến năm 550)</span></div>\n<div><br>\n	</div>\n<div>Được biết đến đất nước Campuchia đầu tiên có tên nước là Phù Nam vào khoảng thế kỷ thứ 1, triệu đại Phù Nam đầu tiên qua 4 đời kế vị đó là :&nbsp;Hỗn Điền, Con Hỗn Điền (chưa rõ tên họ), Hỗn Bàn Huống, Hỗn Bàn Bàn, kế tiếp là một vị tướng đã lên ngôi đó là Phạm Sư Man -&gt; Phạm Chiêu -&gt; Phạm Tràng -&gt; Phạm Tầm,..cho đến giữa thế kỷ thứ 7 đất nước Phù Nam chấm dứt do nước Chân Lạp xâm lược.</div>\n<div><span style="font-weight: bold; color: rgb(0, 0, 205);"><br>\n	</span></div>\n\n\n\n\n\n\n<div><span style="font-weight: bold; color: rgb(0, 0, 205);">Vương quốc Chân Lạp : ( Năm 550 đến năm 802)</span></div>\n\n\n\n\n\n\n<div><br>\n	\n	\n	\n	\n	\n	\n	</div>\n\n\n\n\n\n\n<div>Là một quốc gia do người Khmer sáng lập vào thế kỷ thứ 7 nằm ở Sae Mun (nay thuộc Thái Lan) và Champasack (nay thuộc Nam Lào). Quốc gia này do Bhavavarman sáng lập trong thế kỷ thứ 6, gọi là nước Bhavapura, tức Chân Lạp. Sau khi đánh thắng Phù Nam người Chân Lạp đã ồ ạt di cư xuống phía Nam và dừng chân định cư tại Takeo (cụm di tích Angkor Borey) và Prey Veng (cụm di tích Ba Phnom), trung lưu sông Mekong và Đông Bắc biển Hồ. Isanavarman đã xây dựng kinh đô Isanapura ở gần Kompong Thom.&nbsp;Sau năm 707, Chân Lạp tách thành hai quốc gia Lục Chân Lạp và Thủy Chân Lạp -&gt; Đây chính là thời kỳ khủng hoảng của vương quốc Chân Lạp</div>\n\n\n\n\n\n\n<p><span style="font-weight: bold; color: rgb(0, 0, 205);">Đế quốc Khmer : (Năm 802 đến 1432)</span></p>\n\n\n\n\n\n\n<div>Đầu thế kỷ thứ 9 tức năm 802 vua&nbsp;Jayavarman II đã thống nhất đất nước Campuchia tạo ra một đế chế Khmer hùng mạnh còn gọi là "vương quốc Angkor". Thời kỳ phát triển của đế chế này vào năm&nbsp;944 đến 1181, thời kỳ cực thịnh năm 1181 đến năm 1201, và suy thoái dần từ năm&nbsp;1201 đến năm 1432.</div>\n\n\n\n\n\n\n<div><br>\n	\n	\n	\n	\n	\n	\n	</div>\n\n\n\n\n\n\n<div><span style="font-weight: bold; color: rgb(0, 0, 205);">Thời kỳ hậu Angkor : (Năm 1432 đến năm&nbsp;1863)</span></div>\n\n\n\n\n\n\n<div><br>\n	\n	\n	\n	\n	\n	\n	</div>\n\n\n\n\n\n\n<div>Từ giữ thế kỷ 15 vương quốc Angkok bị liên tục tấn công bởi&nbsp;Ayutthaya (Thái Lan cổ), đến cuối thế kỷ thứ 17 Angkok chịu sức ép giữ hai nước đang bành trướng đó là Đại Việt và Ayutthaya, đến năm 1863 có người Pháp vào bảo hộ cho vương quốc Angkok, chính vì thề mà vương quốc Angkok đã bị lệ thuộc.</div>\n\n\n\n\n\n\n<div><br>\n	\n	\n	\n	\n	\n	\n	</div>\n\n\n\n\n\n\n<div><span style="font-weight: bold; color: rgb(0, 0, 205);">Campuchia thuộc Pháp :&nbsp;(Năm 1863 đến năm 1953)</span></div>\n\n\n\n\n\n\n<div><br>\n	\n	\n	\n	\n	\n	\n	</div>\n\n\n\n\n\n\n<div>Năm 1863 Vua Norodom ký một hiệp ước với Pháp để thành lập một chính quyền bảo hộ trên toàn vương quốc.</div>\n\n\n\n\n\n\n<div><br>\n	\n	\n	\n	\n	\n	\n	</div>\n\n\n\n\n\n\n<div><span style="font-weight: bold; color: rgb(0, 0, 205);">Vương quốc Campuchia : (Năm 1954 đến năm 1975)</span></div>\n\n\n\n\n\n\n<div><br>\n	\n	\n	\n	\n	\n	\n	</div>\n\n\n\n\n\n\n<div>Campuchia tuyên bố độc lập vào năm 1953, trở thành một vương quốc. Năm 1960, Thái tử Norodom Sihanouk lên làm Quốc trưởng chứ không làm vua sau khi vua cha mất. Ông thi hành chính sách trung lập.</div>\n\n\n\n\n\n\n<div><br>\n	\n	\n	\n	\n	\n	\n	</div>\n\n\n\n\n\n\n<div><span style="font-weight: bold; color: rgb(0, 0, 205);">Khmer Đỏ cầm quyền: (Năm 1975 đến năm 1979)</span></div>\n\n\n\n\n\n\n<div><br>\n	\n	\n	\n	\n	\n	\n	</div>\n\n\n\n\n\n\n<div>Năm 1975&nbsp;thành lập nước "Campuchia Dân chủ" do&nbsp;Khmer Đỏ do Pol Pot lãnh đạo nắm được chính quyền.</div>\n\n\n\n\n\n\n<div><br>\n	\n	\n	\n	\n	\n	\n	</div>\n\n\n\n\n\n\n<div><span style="font-weight: bold; color: rgb(0, 0, 205);">Cộng hòa Nhân dân Campuchia (Năm 1979 đến năm 1993)</span></div>\n\n\n\n\n\n\n<div><br>\n	\n	\n	\n	\n	\n	\n	</div>\n\n\n\n\n\n\n<div>Ngày 8 tháng 1 năm 1979 Hội đồng Nhân dân Cách mạng nước Cộng hòa Nhân dân Campuchia do Heng Samrin làm Chủ tịch đã được thành lập. Tuy vậy chính quyền này chỉ được một số nước cộng sản công nhận và chưa tự bảo vệ được mà vẫn cần đến sự có mặt của quân đội Việt Nam.</div>\n\n\n\n\n\n<div><br>\n	\n	\n	\n	\n	\n	</div>\n\n\n\n\n\n<div><span style="font-weight: bold; color: rgb(0, 0, 205);">Vương quốc Campuchia (Tái lập năm 1993 - hiện tại)</span></div>\n\n\n\n\n\n\n<div><br>\n	\n	\n	\n	\n	\n	\n	</div>\n\n\n\n\n\n\n\n\n\n<div>Sau khi cuộc Tổng tuyển cử tự do được Liên Hợp Quốc đứng ra tổ chức tháng 5 năm 1993, các phe phái, chủ yếu các CPP (Đảng Nhân dân Campuchia), FUNCIPEC (Đảng Bảo hoàng)và đảng của Sam Rensi phải mất đến 4 tháng mới thỏa thuận được cơ cấu phân chia quyền lực. Đến tháng 9 năm 1993, Quốc hội và Chính phủ mới được thành lập với nòng cốt là FUNCIPEC và CPP. Quốc hội nhất trí lấy tên nước là Vương quốc Campuchia. Đứng đầu nhà nước là Quốc vương Norodom Sihanuk. Thủ tướng thứ nhất Norodom Ranarit (Chủ tịch Đảng FUNCIPEC), Thủ tướng thứ hai là Hun Xen (Phó Chủ tịch Đảng Nhân dân Campuchia). Chủ tịch quốc hội là Chia Xim (CPP).</div>\n\n\n\n\n<div>Vương quốc Campuchia mở rộng đối ngoại, đối nội, phát triển công nghiệp hóa, nông nghiệp hóa, giao thương với các nước trên thế giới mở rộng tìm nâng cho sự phát triển kinh tế trong tương lai.</div>\n\n\n\n\n<div><br>\n	\n	\n	\n	\n	</div>\n\n\n\n\n<div>Hiện nay vương quốc Campuchia trong thời kỳ phát triển mạnh mẻ đặc biệt là ngành du lịch đa thu hút một lượng khách du lịch quốc tế rất lớn và là một trong những địa điểm du lịch nổi tiếng thế giới.</div>\n\n\n\n\n<div>\n	\n	\n	\n	<h3><span style="color: rgb(107, 142, 35);">Thời tiết và khí hậu Campuchia:</span></h3>\n	\n	\n	\n	<div><br>\n		\n		\n		\n		</div>\n	\n	\n	\n	<div>- Thời tiết tại Campuchia có hai mùa rõ rệt, mùa nắng và mùa mưa, mùa mưa kéo dài từ tháng 5 đến tháng 10, mùa mưa kéo dài từ tháng 11 đến tháng 4.</div>\n	\n	\n	\n	<div>- Khí hậu gió mùa nên trở thành vùng nhiệt đới ẩm và khô rõ rệt, nhiệt độ trung bình từ 25 đến 28 độ C, nhiệt độ thấp trung bình là 22 độ C, nhiệt độ cao trung bình là 32 độ C, tuy nhiên có lúc nhiệt độ lên cao đến tận 38 độ C và thấp nhất là 10 độ C nhưng đây là một số năm khí hậu hiếm thấy.</div>\n	\n	\n	\n	<h3><span style="color: rgb(107, 142, 35);">Dân tộc và ngôn ngữ Campuchia :&nbsp;</span></h3>\n	\n	\n	\n	<div>Đa phần là dân dộc người Khmer chiếm 90%, dân tộc người Khmer chi thành nhiều loại :&nbsp;Khmer giữa (Khmer Kandal),&nbsp;&nbsp;Khmer Thượng (Khmer Loeur) và Khmer Hạ (Khmer Krom), còn lại là 10% thuộc các dân tộc từ nước khác sang như :&nbsp;Mã Lai, Chàm, Lào, Miến Điện, Việt Nam, Thái Lan, Hoa,.</div>\n	\n	\n	\n	<div>Tiếng Khmer là ngôn ngữ chính (95%), còn lại 5% là được sử dụng tiếng Anh, Pháp Việt, Mã Lai, Trung Hoa,..</div>\n	\n	\n	\n	<h3><span style="color: rgb(107, 142, 35);">Du Lịch Campuchia :</span></h3></div>\n\n\n\n\n<div>Sau một thời gian dài 25 năm cô lập, Campuchia mở rộng đón các du khách nước ngoài từ năm 90 và lượng khách tăng dần theo mỗi năm đến thời điểm hiện nay Vương Quốc Campuchia trở thành một địa điểm du lịch hấp dẫn nhất thế giới, những địa điểm thu hút nhất là quần thể Angkok nằm ở Siem Riep, thủ đô&nbsp;Phnom Penh và biển Sihanuk, đấy chính là những địa điểm thu hút khách quốc tế nhất.\n	\n	\n	</div>\n\n<div><br>\n	\n	</div>\n\n<div><span style="font-weight: bold;">Sau đây là những địa điểm du lịch Campuchia :</span></div>\n\n<div><br>\n	\n	</div>\n\n<div><span style="font-weight: bold;">-&nbsp;<a href="http://toptravels.vn/angkor-wat-tai-campuchia.html">Angkor Wat</a>.</span></div>\n\n<div><span style="font-weight: bold;">-&nbsp;<a href="http://toptravels.vn/angkor-thom-tai-campuchia.html">Angkor Thom</a>.</span></div>\n\n<div><span style="font-weight: bold;">-&nbsp;<a href="http://toptravels.vn/chua-vang-chua-bac-tai-campuchia.html">Chùa vàng - Chùa Bạc</a>.</span></div>\n\n<div><span style="font-weight: bold;">-&nbsp;<a href="http://toptravels.vn/tuong-dai-huu-nghi-viet-nam-campuchia.html">Đài tưởng niệm Việt Nam – Cambodia</a>.</span></div>\n\n<div><span style="font-weight: bold;">-&nbsp;Bãi biển Sihanoukville.</span></div>\n\n<div><span style="font-weight: bold;">-&nbsp;<a href="http://toptravels.vn/bao-tang-quoc-gia-tai-campuchia.html">Bảo tàng quốc gia Campuchia</a>.</span></div>\n\n<div><span style="font-weight: bold;">-&nbsp;<a href="http://toptravels.vn/nui-ta-lon-tai-campuchia.html">Núi Tà Lơn (Bokor)</a>.</span></div>\n\n<div><span style="font-weight: bold;">-&nbsp;<a href="http://toptravels.vn/ngoi-den-banteay-srei-tai-campuchia.html">Ngôi đền Banteay Srei</a>.</span></div>\n\n<div><span style="font-weight: bold;">-&nbsp;<a href="http://toptravels.vn/co-do-oudong-tai-campuchia.html">Cố Đô Oudong</a>.</span></div>\n\n<div><span style="font-weight: bold;">-&nbsp;<a href="http://toptravels.vn/cung-dien-hoang-gia-tai-campuchia.html">Cung Điện Hoàng Gia</a>.</span></div>\n\n<div><span style="font-weight: bold;">- <a href="http://toptravels.vn/chua-wat-phnom-tai-campuchia.html">Chùa Wat Phnom</a></span></div>\n\n<div>Và một số địa điểm khác nữa.</div>\n\n<div><br>\n	\n	</div>\n\n<div><br>\n	\n	</div>\n', 32, 1),
(6, 'Du lịch Tràm Chim - Gáo Giồng 2014', 'Ô tô', '2014-12-30', '2014-12-31', 1580000, 'Quý khách dùng buổi chiều tại thị trấn Tràm Chim với các món ăn dân dã đặc trưng theo mùa của vùng Đồng Tháp Mười như: lẩu cháo lươn, cá trê nướng mắm gừng, canh chua cá lócđồng, điên điển xào tép...\r\nĐoàn về lại thành phố Cao Lãnh nhận phòng nghỉ ngơi. Nghỉ đêm tại Cao Lãnh.', '190713090205.jpg', '\n<h1 style="text-align: center;"><span style="color: red;">DU LỊCH TRÀM CHIM</span></h1>\n<div>Campuchia là một quốc gia thuộc Đông Nam Á, nổi tiếng là một quốc gia có nhiều chùa, đền đài và đặc biệt là công trình kiến trúc độc đáo và đầy huyền bí Angkok Wat và Angkok Thom đã thu hút hàng triệu du khách quốc tế hàng năm và hiện tại Campuchia đã trở thành một địa điểm du lịch hấp dẫn nhất thế giới.</div>\n<div><br>\n	</div>\n<div style="text-align: center;">\n	<img src="image_data/tournuocngoai/1/1-1.jpg" alt="vuong-quoc-campuchia" align="" border="0px"></div>\n<h3><span style="color: rgb(107, 142, 35);">Vị trí địa lý Campuchia:</span></h3>\n<div>Vương quốc Campuchia có diện tích khoảng 181.035 km2, phía Bắc giáp với Lào có đường biên giới là 541 km, phía Đông giáp với Việt Nam có đường biên giới là 1.137 km, phía Tây giáp Thái Lan và phía nam giáp với Vịnh Thái Lan có đường biên giới là 800 km.&nbsp;Đồng bằng chiếm 1/2 diện tích tập trung ở hướng Nam và Đông Nam, còn lại là núi, đồi bao quanh đất nước.</div>\n<h3><span style="color: rgb(107, 142, 35);">Lịch sử Campuchia :</span></h3>\n<div><span style="font-weight: bold; color: rgb(0, 0, 205);">Vương quốc Phù Nam : (Đầu thế kỷ 1 đến năm 550)</span></div>\n<div><br>\n	</div>\n<div>Được biết đến đất nước Campuchia đầu tiên có tên nước là Phù Nam vào khoảng thế kỷ thứ 1, triệu đại Phù Nam đầu tiên qua 4 đời kế vị đó là :&nbsp;Hỗn Điền, Con Hỗn Điền (chưa rõ tên họ), Hỗn Bàn Huống, Hỗn Bàn Bàn, kế tiếp là một vị tướng đã lên ngôi đó là Phạm Sư Man -&gt; Phạm Chiêu -&gt; Phạm Tràng -&gt; Phạm Tầm,..cho đến giữa thế kỷ thứ 7 đất nước Phù Nam chấm dứt do nước Chân Lạp xâm lược.</div>\n<div><span style="font-weight: bold; color: rgb(0, 0, 205);"><br>\n	</span></div>\n\n\n\n\n\n\n<div><span style="font-weight: bold; color: rgb(0, 0, 205);">Vương quốc Chân Lạp : ( Năm 550 đến năm 802)</span></div>\n\n\n\n\n\n\n<div><br>\n	\n	\n	\n	\n	\n	\n	</div>\n\n\n\n\n\n\n<div>Là một quốc gia do người Khmer sáng lập vào thế kỷ thứ 7 nằm ở Sae Mun (nay thuộc Thái Lan) và Champasack (nay thuộc Nam Lào). Quốc gia này do Bhavavarman sáng lập trong thế kỷ thứ 6, gọi là nước Bhavapura, tức Chân Lạp. Sau khi đánh thắng Phù Nam người Chân Lạp đã ồ ạt di cư xuống phía Nam và dừng chân định cư tại Takeo (cụm di tích Angkor Borey) và Prey Veng (cụm di tích Ba Phnom), trung lưu sông Mekong và Đông Bắc biển Hồ. Isanavarman đã xây dựng kinh đô Isanapura ở gần Kompong Thom.&nbsp;Sau năm 707, Chân Lạp tách thành hai quốc gia Lục Chân Lạp và Thủy Chân Lạp -&gt; Đây chính là thời kỳ khủng hoảng của vương quốc Chân Lạp</div>\n\n\n\n\n\n\n<p><span style="font-weight: bold; color: rgb(0, 0, 205);">Đế quốc Khmer : (Năm 802 đến 1432)</span></p>\n\n\n\n\n\n\n<div>Đầu thế kỷ thứ 9 tức năm 802 vua&nbsp;Jayavarman II đã thống nhất đất nước Campuchia tạo ra một đế chế Khmer hùng mạnh còn gọi là "vương quốc Angkor". Thời kỳ phát triển của đế chế này vào năm&nbsp;944 đến 1181, thời kỳ cực thịnh năm 1181 đến năm 1201, và suy thoái dần từ năm&nbsp;1201 đến năm 1432.</div>\n\n\n\n\n\n\n<div><br>\n	\n	\n	\n	\n	\n	\n	</div>\n\n\n\n\n\n\n<div><span style="font-weight: bold; color: rgb(0, 0, 205);">Thời kỳ hậu Angkor : (Năm 1432 đến năm&nbsp;1863)</span></div>\n\n\n\n\n\n\n<div><br>\n	\n	\n	\n	\n	\n	\n	</div>\n\n\n\n\n\n\n<div>Từ giữ thế kỷ 15 vương quốc Angkok bị liên tục tấn công bởi&nbsp;Ayutthaya (Thái Lan cổ), đến cuối thế kỷ thứ 17 Angkok chịu sức ép giữ hai nước đang bành trướng đó là Đại Việt và Ayutthaya, đến năm 1863 có người Pháp vào bảo hộ cho vương quốc Angkok, chính vì thề mà vương quốc Angkok đã bị lệ thuộc.</div>\n\n\n\n\n\n\n<div><br>\n	\n	\n	\n	\n	\n	\n	</div>\n\n\n\n\n\n\n<div><span style="font-weight: bold; color: rgb(0, 0, 205);">Campuchia thuộc Pháp :&nbsp;(Năm 1863 đến năm 1953)</span></div>\n\n\n\n\n\n\n<div><br>\n	\n	\n	\n	\n	\n	\n	</div>\n\n\n\n\n\n\n<div>Năm 1863 Vua Norodom ký một hiệp ước với Pháp để thành lập một chính quyền bảo hộ trên toàn vương quốc.</div>\n\n\n\n\n\n\n<div><br>\n	\n	\n	\n	\n	\n	\n	</div>\n\n\n\n\n\n\n<div><span style="font-weight: bold; color: rgb(0, 0, 205);">Vương quốc Campuchia : (Năm 1954 đến năm 1975)</span></div>\n\n\n\n\n\n\n<div><br>\n	\n	\n	\n	\n	\n	\n	</div>\n\n\n\n\n\n\n<div>Campuchia tuyên bố độc lập vào năm 1953, trở thành một vương quốc. Năm 1960, Thái tử Norodom Sihanouk lên làm Quốc trưởng chứ không làm vua sau khi vua cha mất. Ông thi hành chính sách trung lập.</div>\n\n\n\n\n\n\n<div><br>\n	\n	\n	\n	\n	\n	\n	</div>\n\n\n\n\n\n\n<div><span style="font-weight: bold; color: rgb(0, 0, 205);">Khmer Đỏ cầm quyền: (Năm 1975 đến năm 1979)</span></div>\n\n\n\n\n\n\n<div><br>\n	\n	\n	\n	\n	\n	\n	</div>\n\n\n\n\n\n\n<div>Năm 1975&nbsp;thành lập nước "Campuchia Dân chủ" do&nbsp;Khmer Đỏ do Pol Pot lãnh đạo nắm được chính quyền.</div>\n\n\n\n\n\n\n<div><br>\n	\n	\n	\n	\n	\n	\n	</div>\n\n\n\n\n\n\n<div><span style="font-weight: bold; color: rgb(0, 0, 205);">Cộng hòa Nhân dân Campuchia (Năm 1979 đến năm 1993)</span></div>\n\n\n\n\n\n\n<div><br>\n	\n	\n	\n	\n	\n	\n	</div>\n\n\n\n\n\n\n<div>Ngày 8 tháng 1 năm 1979 Hội đồng Nhân dân Cách mạng nước Cộng hòa Nhân dân Campuchia do Heng Samrin làm Chủ tịch đã được thành lập. Tuy vậy chính quyền này chỉ được một số nước cộng sản công nhận và chưa tự bảo vệ được mà vẫn cần đến sự có mặt của quân đội Việt Nam.</div>\n\n\n\n\n\n<div><br>\n	\n	\n	\n	\n	\n	</div>\n\n\n\n\n\n<div><span style="font-weight: bold; color: rgb(0, 0, 205);">Vương quốc Campuchia (Tái lập năm 1993 - hiện tại)</span></div>\n\n\n\n\n\n\n<div><br>\n	\n	\n	\n	\n	\n	\n	</div>\n\n\n\n\n\n\n\n\n\n<div>Sau khi cuộc Tổng tuyển cử tự do được Liên Hợp Quốc đứng ra tổ chức tháng 5 năm 1993, các phe phái, chủ yếu các CPP (Đảng Nhân dân Campuchia), FUNCIPEC (Đảng Bảo hoàng)và đảng của Sam Rensi phải mất đến 4 tháng mới thỏa thuận được cơ cấu phân chia quyền lực. Đến tháng 9 năm 1993, Quốc hội và Chính phủ mới được thành lập với nòng cốt là FUNCIPEC và CPP. Quốc hội nhất trí lấy tên nước là Vương quốc Campuchia. Đứng đầu nhà nước là Quốc vương Norodom Sihanuk. Thủ tướng thứ nhất Norodom Ranarit (Chủ tịch Đảng FUNCIPEC), Thủ tướng thứ hai là Hun Xen (Phó Chủ tịch Đảng Nhân dân Campuchia). Chủ tịch quốc hội là Chia Xim (CPP).</div>\n\n\n\n\n<div>Vương quốc Campuchia mở rộng đối ngoại, đối nội, phát triển công nghiệp hóa, nông nghiệp hóa, giao thương với các nước trên thế giới mở rộng tìm nâng cho sự phát triển kinh tế trong tương lai.</div>\n\n\n\n\n<div><br>\n	\n	\n	\n	\n	</div>\n\n\n\n\n<div>Hiện nay vương quốc Campuchia trong thời kỳ phát triển mạnh mẻ đặc biệt là ngành du lịch đa thu hút một lượng khách du lịch quốc tế rất lớn và là một trong những địa điểm du lịch nổi tiếng thế giới.</div>\n\n\n\n\n<div>\n	\n	\n	\n	<h3><span style="color: rgb(107, 142, 35);">Thời tiết và khí hậu Campuchia:</span></h3>\n	\n	\n	\n	<div><br>\n		\n		\n		\n		</div>\n	\n	\n	\n	<div>- Thời tiết tại Campuchia có hai mùa rõ rệt, mùa nắng và mùa mưa, mùa mưa kéo dài từ tháng 5 đến tháng 10, mùa mưa kéo dài từ tháng 11 đến tháng 4.</div>\n	\n	\n	\n	<div>- Khí hậu gió mùa nên trở thành vùng nhiệt đới ẩm và khô rõ rệt, nhiệt độ trung bình từ 25 đến 28 độ C, nhiệt độ thấp trung bình là 22 độ C, nhiệt độ cao trung bình là 32 độ C, tuy nhiên có lúc nhiệt độ lên cao đến tận 38 độ C và thấp nhất là 10 độ C nhưng đây là một số năm khí hậu hiếm thấy.</div>\n	\n	\n	\n	<h3><span style="color: rgb(107, 142, 35);">Dân tộc và ngôn ngữ Campuchia :&nbsp;</span></h3>\n	\n	\n	\n	<div>Đa phần là dân dộc người Khmer chiếm 90%, dân tộc người Khmer chi thành nhiều loại :&nbsp;Khmer giữa (Khmer Kandal),&nbsp;&nbsp;Khmer Thượng (Khmer Loeur) và Khmer Hạ (Khmer Krom), còn lại là 10% thuộc các dân tộc từ nước khác sang như :&nbsp;Mã Lai, Chàm, Lào, Miến Điện, Việt Nam, Thái Lan, Hoa,.</div>\n	\n	\n	\n	<div>Tiếng Khmer là ngôn ngữ chính (95%), còn lại 5% là được sử dụng tiếng Anh, Pháp Việt, Mã Lai, Trung Hoa,..</div>\n	\n	\n	\n	<h3><span style="color: rgb(107, 142, 35);">Du Lịch Campuchia :</span></h3></div>\n\n\n\n\n<div>Sau một thời gian dài 25 năm cô lập, Campuchia mở rộng đón các du khách nước ngoài từ năm 90 và lượng khách tăng dần theo mỗi năm đến thời điểm hiện nay Vương Quốc Campuchia trở thành một địa điểm du lịch hấp dẫn nhất thế giới, những địa điểm thu hút nhất là quần thể Angkok nằm ở Siem Riep, thủ đô&nbsp;Phnom Penh và biển Sihanuk, đấy chính là những địa điểm thu hút khách quốc tế nhất.\n	\n	\n	</div>\n\n<div><br>\n	\n	</div>\n\n<div><span style="font-weight: bold;">Sau đây là những địa điểm du lịch Campuchia :</span></div>\n\n<div><br>\n	\n	</div>\n\n<div><span style="font-weight: bold;">-&nbsp;<a href="http://toptravels.vn/angkor-wat-tai-campuchia.html">Angkor Wat</a>.</span></div>\n\n<div><span style="font-weight: bold;">-&nbsp;<a href="http://toptravels.vn/angkor-thom-tai-campuchia.html">Angkor Thom</a>.</span></div>\n\n<div><span style="font-weight: bold;">-&nbsp;<a href="http://toptravels.vn/chua-vang-chua-bac-tai-campuchia.html">Chùa vàng - Chùa Bạc</a>.</span></div>\n\n<div><span style="font-weight: bold;">-&nbsp;<a href="http://toptravels.vn/tuong-dai-huu-nghi-viet-nam-campuchia.html">Đài tưởng niệm Việt Nam – Cambodia</a>.</span></div>\n\n<div><span style="font-weight: bold;">-&nbsp;Bãi biển Sihanoukville.</span></div>\n\n<div><span style="font-weight: bold;">-&nbsp;<a href="http://toptravels.vn/bao-tang-quoc-gia-tai-campuchia.html">Bảo tàng quốc gia Campuchia</a>.</span></div>\n\n<div><span style="font-weight: bold;">-&nbsp;<a href="http://toptravels.vn/nui-ta-lon-tai-campuchia.html">Núi Tà Lơn (Bokor)</a>.</span></div>\n\n<div><span style="font-weight: bold;">-&nbsp;<a href="http://toptravels.vn/ngoi-den-banteay-srei-tai-campuchia.html">Ngôi đền Banteay Srei</a>.</span></div>\n\n<div><span style="font-weight: bold;">-&nbsp;<a href="http://toptravels.vn/co-do-oudong-tai-campuchia.html">Cố Đô Oudong</a>.</span></div>\n\n<div><span style="font-weight: bold;">-&nbsp;<a href="http://toptravels.vn/cung-dien-hoang-gia-tai-campuchia.html">Cung Điện Hoàng Gia</a>.</span></div>\n\n<div><span style="font-weight: bold;">- <a href="http://toptravels.vn/chua-wat-phnom-tai-campuchia.html">Chùa Wat Phnom</a></span></div>\n\n<div>Và một số địa điểm khác nữa.</div>\n\n<div><br>\n	\n	</div>\n\n<div><br>\n	\n	</div>\n', 16, 1),
(7, 'NHA TRANG + DỐC LẾT + HÒN TẰM', 'Ô tô', '2014-12-30', '2015-01-02', 2892000, 'Biển Nha Trang tuyệt vời với Vinpearl Nha Trang 5* sang trọng, hòn Mun Hòn Tằm nước trong veo và san hô lộng lẫy, cùng với vịnh Ninh Vân, vịnh Vân Phong hoang sơ và thuần khiết. Viện Hải dương học Nha Trang có trên 20.000 mẫu sinh vật dưới nước, tháp Bà Ponagar hoàn mỹ của người Chăm, cảng Vũng Rô,... ', '260614102246.jpg', '\n<h1 style="text-align: center;"><span style="color: red;">DU LỊCH NHA TRANG</span></h1>\n<div>Campuchia là một quốc gia thuộc Đông Nam Á, nổi tiếng là một quốc gia có nhiều chùa, đền đài và đặc biệt là công trình kiến trúc độc đáo và đầy huyền bí Angkok Wat và Angkok Thom đã thu hút hàng triệu du khách quốc tế hàng năm và hiện tại Campuchia đã trở thành một địa điểm du lịch hấp dẫn nhất thế giới.</div>\n<div><br>\n	</div>\n<div style="text-align: center;">\n	<img src="image_data/tournuocngoai/1/1-1.jpg" alt="vuong-quoc-campuchia" align="" border="0px"></div>\n<h3><span style="color: rgb(107, 142, 35);">Vị trí địa lý Campuchia:</span></h3>\n<div>Vương quốc Campuchia có diện tích khoảng 181.035 km2, phía Bắc giáp với Lào có đường biên giới là 541 km, phía Đông giáp với Việt Nam có đường biên giới là 1.137 km, phía Tây giáp Thái Lan và phía nam giáp với Vịnh Thái Lan có đường biên giới là 800 km.&nbsp;Đồng bằng chiếm 1/2 diện tích tập trung ở hướng Nam và Đông Nam, còn lại là núi, đồi bao quanh đất nước.</div>\n<h3><span style="color: rgb(107, 142, 35);">Lịch sử Campuchia :</span></h3>\n<div><span style="font-weight: bold; color: rgb(0, 0, 205);">Vương quốc Phù Nam : (Đầu thế kỷ 1 đến năm 550)</span></div>\n<div><br>\n	</div>\n<div>Được biết đến đất nước Campuchia đầu tiên có tên nước là Phù Nam vào khoảng thế kỷ thứ 1, triệu đại Phù Nam đầu tiên qua 4 đời kế vị đó là :&nbsp;Hỗn Điền, Con Hỗn Điền (chưa rõ tên họ), Hỗn Bàn Huống, Hỗn Bàn Bàn, kế tiếp là một vị tướng đã lên ngôi đó là Phạm Sư Man -&gt; Phạm Chiêu -&gt; Phạm Tràng -&gt; Phạm Tầm,..cho đến giữa thế kỷ thứ 7 đất nước Phù Nam chấm dứt do nước Chân Lạp xâm lược.</div>\n<div><span style="font-weight: bold; color: rgb(0, 0, 205);"><br>\n	</span></div>\n\n\n\n\n\n\n<div><span style="font-weight: bold; color: rgb(0, 0, 205);">Vương quốc Chân Lạp : ( Năm 550 đến năm 802)</span></div>\n\n\n\n\n\n\n<div><br>\n	\n	\n	\n	\n	\n	\n	</div>\n\n\n\n\n\n\n<div>Là một quốc gia do người Khmer sáng lập vào thế kỷ thứ 7 nằm ở Sae Mun (nay thuộc Thái Lan) và Champasack (nay thuộc Nam Lào). Quốc gia này do Bhavavarman sáng lập trong thế kỷ thứ 6, gọi là nước Bhavapura, tức Chân Lạp. Sau khi đánh thắng Phù Nam người Chân Lạp đã ồ ạt di cư xuống phía Nam và dừng chân định cư tại Takeo (cụm di tích Angkor Borey) và Prey Veng (cụm di tích Ba Phnom), trung lưu sông Mekong và Đông Bắc biển Hồ. Isanavarman đã xây dựng kinh đô Isanapura ở gần Kompong Thom.&nbsp;Sau năm 707, Chân Lạp tách thành hai quốc gia Lục Chân Lạp và Thủy Chân Lạp -&gt; Đây chính là thời kỳ khủng hoảng của vương quốc Chân Lạp</div>\n\n\n\n\n\n\n<p><span style="font-weight: bold; color: rgb(0, 0, 205);">Đế quốc Khmer : (Năm 802 đến 1432)</span></p>\n\n\n\n\n\n\n<div>Đầu thế kỷ thứ 9 tức năm 802 vua&nbsp;Jayavarman II đã thống nhất đất nước Campuchia tạo ra một đế chế Khmer hùng mạnh còn gọi là "vương quốc Angkor". Thời kỳ phát triển của đế chế này vào năm&nbsp;944 đến 1181, thời kỳ cực thịnh năm 1181 đến năm 1201, và suy thoái dần từ năm&nbsp;1201 đến năm 1432.</div>\n\n\n\n\n\n\n<div><br>\n	\n	\n	\n	\n	\n	\n	</div>\n\n\n\n\n\n\n<div><span style="font-weight: bold; color: rgb(0, 0, 205);">Thời kỳ hậu Angkor : (Năm 1432 đến năm&nbsp;1863)</span></div>\n\n\n\n\n\n\n<div><br>\n	\n	\n	\n	\n	\n	\n	</div>\n\n\n\n\n\n\n<div>Từ giữ thế kỷ 15 vương quốc Angkok bị liên tục tấn công bởi&nbsp;Ayutthaya (Thái Lan cổ), đến cuối thế kỷ thứ 17 Angkok chịu sức ép giữ hai nước đang bành trướng đó là Đại Việt và Ayutthaya, đến năm 1863 có người Pháp vào bảo hộ cho vương quốc Angkok, chính vì thề mà vương quốc Angkok đã bị lệ thuộc.</div>\n\n\n\n\n\n\n<div><br>\n	\n	\n	\n	\n	\n	\n	</div>\n\n\n\n\n\n\n<div><span style="font-weight: bold; color: rgb(0, 0, 205);">Campuchia thuộc Pháp :&nbsp;(Năm 1863 đến năm 1953)</span></div>\n\n\n\n\n\n\n<div><br>\n	\n	\n	\n	\n	\n	\n	</div>\n\n\n\n\n\n\n<div>Năm 1863 Vua Norodom ký một hiệp ước với Pháp để thành lập một chính quyền bảo hộ trên toàn vương quốc.</div>\n\n\n\n\n\n\n<div><br>\n	\n	\n	\n	\n	\n	\n	</div>\n\n\n\n\n\n\n<div><span style="font-weight: bold; color: rgb(0, 0, 205);">Vương quốc Campuchia : (Năm 1954 đến năm 1975)</span></div>\n\n\n\n\n\n\n<div><br>\n	\n	\n	\n	\n	\n	\n	</div>\n\n\n\n\n\n\n<div>Campuchia tuyên bố độc lập vào năm 1953, trở thành một vương quốc. Năm 1960, Thái tử Norodom Sihanouk lên làm Quốc trưởng chứ không làm vua sau khi vua cha mất. Ông thi hành chính sách trung lập.</div>\n\n\n\n\n\n\n<div><br>\n	\n	\n	\n	\n	\n	\n	</div>\n\n\n\n\n\n\n<div><span style="font-weight: bold; color: rgb(0, 0, 205);">Khmer Đỏ cầm quyền: (Năm 1975 đến năm 1979)</span></div>\n\n\n\n\n\n\n<div><br>\n	\n	\n	\n	\n	\n	\n	</div>\n\n\n\n\n\n\n<div>Năm 1975&nbsp;thành lập nước "Campuchia Dân chủ" do&nbsp;Khmer Đỏ do Pol Pot lãnh đạo nắm được chính quyền.</div>\n\n\n\n\n\n\n<div><br>\n	\n	\n	\n	\n	\n	\n	</div>\n\n\n\n\n\n\n<div><span style="font-weight: bold; color: rgb(0, 0, 205);">Cộng hòa Nhân dân Campuchia (Năm 1979 đến năm 1993)</span></div>\n\n\n\n\n\n\n<div><br>\n	\n	\n	\n	\n	\n	\n	</div>\n\n\n\n\n\n\n<div>Ngày 8 tháng 1 năm 1979 Hội đồng Nhân dân Cách mạng nước Cộng hòa Nhân dân Campuchia do Heng Samrin làm Chủ tịch đã được thành lập. Tuy vậy chính quyền này chỉ được một số nước cộng sản công nhận và chưa tự bảo vệ được mà vẫn cần đến sự có mặt của quân đội Việt Nam.</div>\n\n\n\n\n\n<div><br>\n	\n	\n	\n	\n	\n	</div>\n\n\n\n\n\n<div><span style="font-weight: bold; color: rgb(0, 0, 205);">Vương quốc Campuchia (Tái lập năm 1993 - hiện tại)</span></div>\n\n\n\n\n\n\n<div><br>\n	\n	\n	\n	\n	\n	\n	</div>\n\n\n\n\n\n\n\n\n\n<div>Sau khi cuộc Tổng tuyển cử tự do được Liên Hợp Quốc đứng ra tổ chức tháng 5 năm 1993, các phe phái, chủ yếu các CPP (Đảng Nhân dân Campuchia), FUNCIPEC (Đảng Bảo hoàng)và đảng của Sam Rensi phải mất đến 4 tháng mới thỏa thuận được cơ cấu phân chia quyền lực. Đến tháng 9 năm 1993, Quốc hội và Chính phủ mới được thành lập với nòng cốt là FUNCIPEC và CPP. Quốc hội nhất trí lấy tên nước là Vương quốc Campuchia. Đứng đầu nhà nước là Quốc vương Norodom Sihanuk. Thủ tướng thứ nhất Norodom Ranarit (Chủ tịch Đảng FUNCIPEC), Thủ tướng thứ hai là Hun Xen (Phó Chủ tịch Đảng Nhân dân Campuchia). Chủ tịch quốc hội là Chia Xim (CPP).</div>\n\n\n\n\n<div>Vương quốc Campuchia mở rộng đối ngoại, đối nội, phát triển công nghiệp hóa, nông nghiệp hóa, giao thương với các nước trên thế giới mở rộng tìm nâng cho sự phát triển kinh tế trong tương lai.</div>\n\n\n\n\n<div><br>\n	\n	\n	\n	\n	</div>\n\n\n\n\n<div>Hiện nay vương quốc Campuchia trong thời kỳ phát triển mạnh mẻ đặc biệt là ngành du lịch đa thu hút một lượng khách du lịch quốc tế rất lớn và là một trong những địa điểm du lịch nổi tiếng thế giới.</div>\n\n\n\n\n<div>\n	\n	\n	\n	<h3><span style="color: rgb(107, 142, 35);">Thời tiết và khí hậu Campuchia:</span></h3>\n	\n	\n	\n	<div><br>\n		\n		\n		\n		</div>\n	\n	\n	\n	<div>- Thời tiết tại Campuchia có hai mùa rõ rệt, mùa nắng và mùa mưa, mùa mưa kéo dài từ tháng 5 đến tháng 10, mùa mưa kéo dài từ tháng 11 đến tháng 4.</div>\n	\n	\n	\n	<div>- Khí hậu gió mùa nên trở thành vùng nhiệt đới ẩm và khô rõ rệt, nhiệt độ trung bình từ 25 đến 28 độ C, nhiệt độ thấp trung bình là 22 độ C, nhiệt độ cao trung bình là 32 độ C, tuy nhiên có lúc nhiệt độ lên cao đến tận 38 độ C và thấp nhất là 10 độ C nhưng đây là một số năm khí hậu hiếm thấy.</div>\n	\n	\n	\n	<h3><span style="color: rgb(107, 142, 35);">Dân tộc và ngôn ngữ Campuchia :&nbsp;</span></h3>\n	\n	\n	\n	<div>Đa phần là dân dộc người Khmer chiếm 90%, dân tộc người Khmer chi thành nhiều loại :&nbsp;Khmer giữa (Khmer Kandal),&nbsp;&nbsp;Khmer Thượng (Khmer Loeur) và Khmer Hạ (Khmer Krom), còn lại là 10% thuộc các dân tộc từ nước khác sang như :&nbsp;Mã Lai, Chàm, Lào, Miến Điện, Việt Nam, Thái Lan, Hoa,.</div>\n	\n	\n	\n	<div>Tiếng Khmer là ngôn ngữ chính (95%), còn lại 5% là được sử dụng tiếng Anh, Pháp Việt, Mã Lai, Trung Hoa,..</div>\n	\n	\n	\n	<h3><span style="color: rgb(107, 142, 35);">Du Lịch Campuchia :</span></h3></div>\n\n\n\n\n<div>Sau một thời gian dài 25 năm cô lập, Campuchia mở rộng đón các du khách nước ngoài từ năm 90 và lượng khách tăng dần theo mỗi năm đến thời điểm hiện nay Vương Quốc Campuchia trở thành một địa điểm du lịch hấp dẫn nhất thế giới, những địa điểm thu hút nhất là quần thể Angkok nằm ở Siem Riep, thủ đô&nbsp;Phnom Penh và biển Sihanuk, đấy chính là những địa điểm thu hút khách quốc tế nhất.\n	\n	\n	</div>\n\n<div><br>\n	\n	</div>\n\n<div><span style="font-weight: bold;">Sau đây là những địa điểm du lịch Campuchia :</span></div>\n\n<div><br>\n	\n	</div>\n\n<div><span style="font-weight: bold;">-&nbsp;<a href="http://toptravels.vn/angkor-wat-tai-campuchia.html">Angkor Wat</a>.</span></div>\n\n<div><span style="font-weight: bold;">-&nbsp;<a href="http://toptravels.vn/angkor-thom-tai-campuchia.html">Angkor Thom</a>.</span></div>\n\n<div><span style="font-weight: bold;">-&nbsp;<a href="http://toptravels.vn/chua-vang-chua-bac-tai-campuchia.html">Chùa vàng - Chùa Bạc</a>.</span></div>\n\n<div><span style="font-weight: bold;">-&nbsp;<a href="http://toptravels.vn/tuong-dai-huu-nghi-viet-nam-campuchia.html">Đài tưởng niệm Việt Nam – Cambodia</a>.</span></div>\n\n<div><span style="font-weight: bold;">-&nbsp;Bãi biển Sihanoukville.</span></div>\n\n<div><span style="font-weight: bold;">-&nbsp;<a href="http://toptravels.vn/bao-tang-quoc-gia-tai-campuchia.html">Bảo tàng quốc gia Campuchia</a>.</span></div>\n\n<div><span style="font-weight: bold;">-&nbsp;<a href="http://toptravels.vn/nui-ta-lon-tai-campuchia.html">Núi Tà Lơn (Bokor)</a>.</span></div>\n\n<div><span style="font-weight: bold;">-&nbsp;<a href="http://toptravels.vn/ngoi-den-banteay-srei-tai-campuchia.html">Ngôi đền Banteay Srei</a>.</span></div>\n\n<div><span style="font-weight: bold;">-&nbsp;<a href="http://toptravels.vn/co-do-oudong-tai-campuchia.html">Cố Đô Oudong</a>.</span></div>\n\n<div><span style="font-weight: bold;">-&nbsp;<a href="http://toptravels.vn/cung-dien-hoang-gia-tai-campuchia.html">Cung Điện Hoàng Gia</a>.</span></div>\n\n<div><span style="font-weight: bold;">- <a href="http://toptravels.vn/chua-wat-phnom-tai-campuchia.html">Chùa Wat Phnom</a></span></div>\n\n<div>Và một số địa điểm khác nữa.</div>\n\n<div><br>\n	\n	</div>\n\n<div><br>\n	\n	</div>\n', 16, 1);
INSERT INTO `tour` (`Ma_tour`, `Ten_tour`, `Phuong_tien`, `Ngay_bat_dau`, `Ngay_ket_thuc`, `Gia`, `Noi_dung`, `Hinh_anh`, `Noi_dung2`, `So_cho_toi_da`, `AnHien`) VALUES
(8, 'Du Lịch Phan Thiết - Tour Biễn Xanh Dậy Sóng', 'Ô tô', '2014-12-30', '2014-12-31', 1398000, 'Phan Thiết hấp dẫn với Lầu Ông Hoàng, tháp Chàm Pôshanư, bãi đá Ông Địa, rạn dừa Hàm Tiến. KDL Hòn Rơm cát trắng bên hàng dương xanh. Trượt cát trên Đồi Cát Bay, ngắm hoàng hôn trên đỉnh Đồi Hồng là nguồn cảm hứng bất tận của các nhiếp ảnh gia. Di tích lịch sử ở Phan Thiết là trường Dục Thanh nơi Bác Hồ từng dạy học... ', 'ThumbnailHandler.jpg', '\n<h1 style="text-align: center;"><span style="color: red;">DU LỊCH PHAN THIẾT</span></h1>\n<div>Campuchia là một quốc gia thuộc Đông Nam Á, nổi tiếng là một quốc gia có nhiều chùa, đền đài và đặc biệt là công trình kiến trúc độc đáo và đầy huyền bí Angkok Wat và Angkok Thom đã thu hút hàng triệu du khách quốc tế hàng năm và hiện tại Campuchia đã trở thành một địa điểm du lịch hấp dẫn nhất thế giới.</div>\n<div><br>\n	</div>\n<div style="text-align: center;">\n	<img src="image_data/tournuocngoai/1/1-1.jpg" alt="vuong-quoc-campuchia" align="" border="0px"></div>\n<h3><span style="color: rgb(107, 142, 35);">Vị trí địa lý Campuchia:</span></h3>\n<div>Vương quốc Campuchia có diện tích khoảng 181.035 km2, phía Bắc giáp với Lào có đường biên giới là 541 km, phía Đông giáp với Việt Nam có đường biên giới là 1.137 km, phía Tây giáp Thái Lan và phía nam giáp với Vịnh Thái Lan có đường biên giới là 800 km.&nbsp;Đồng bằng chiếm 1/2 diện tích tập trung ở hướng Nam và Đông Nam, còn lại là núi, đồi bao quanh đất nước.</div>\n<h3><span style="color: rgb(107, 142, 35);">Lịch sử Campuchia :</span></h3>\n<div><span style="font-weight: bold; color: rgb(0, 0, 205);">Vương quốc Phù Nam : (Đầu thế kỷ 1 đến năm 550)</span></div>\n<div><br>\n	</div>\n<div>Được biết đến đất nước Campuchia đầu tiên có tên nước là Phù Nam vào khoảng thế kỷ thứ 1, triệu đại Phù Nam đầu tiên qua 4 đời kế vị đó là :&nbsp;Hỗn Điền, Con Hỗn Điền (chưa rõ tên họ), Hỗn Bàn Huống, Hỗn Bàn Bàn, kế tiếp là một vị tướng đã lên ngôi đó là Phạm Sư Man -&gt; Phạm Chiêu -&gt; Phạm Tràng -&gt; Phạm Tầm,..cho đến giữa thế kỷ thứ 7 đất nước Phù Nam chấm dứt do nước Chân Lạp xâm lược.</div>\n<div><span style="font-weight: bold; color: rgb(0, 0, 205);"><br>\n	</span></div>\n\n\n\n\n\n\n<div><span style="font-weight: bold; color: rgb(0, 0, 205);">Vương quốc Chân Lạp : ( Năm 550 đến năm 802)</span></div>\n\n\n\n\n\n\n<div><br>\n	\n	\n	\n	\n	\n	\n	</div>\n\n\n\n\n\n\n<div>Là một quốc gia do người Khmer sáng lập vào thế kỷ thứ 7 nằm ở Sae Mun (nay thuộc Thái Lan) và Champasack (nay thuộc Nam Lào). Quốc gia này do Bhavavarman sáng lập trong thế kỷ thứ 6, gọi là nước Bhavapura, tức Chân Lạp. Sau khi đánh thắng Phù Nam người Chân Lạp đã ồ ạt di cư xuống phía Nam và dừng chân định cư tại Takeo (cụm di tích Angkor Borey) và Prey Veng (cụm di tích Ba Phnom), trung lưu sông Mekong và Đông Bắc biển Hồ. Isanavarman đã xây dựng kinh đô Isanapura ở gần Kompong Thom.&nbsp;Sau năm 707, Chân Lạp tách thành hai quốc gia Lục Chân Lạp và Thủy Chân Lạp -&gt; Đây chính là thời kỳ khủng hoảng của vương quốc Chân Lạp</div>\n\n\n\n\n\n\n<p><span style="font-weight: bold; color: rgb(0, 0, 205);">Đế quốc Khmer : (Năm 802 đến 1432)</span></p>\n\n\n\n\n\n\n<div>Đầu thế kỷ thứ 9 tức năm 802 vua&nbsp;Jayavarman II đã thống nhất đất nước Campuchia tạo ra một đế chế Khmer hùng mạnh còn gọi là "vương quốc Angkor". Thời kỳ phát triển của đế chế này vào năm&nbsp;944 đến 1181, thời kỳ cực thịnh năm 1181 đến năm 1201, và suy thoái dần từ năm&nbsp;1201 đến năm 1432.</div>\n\n\n\n\n\n\n<div><br>\n	\n	\n	\n	\n	\n	\n	</div>\n\n\n\n\n\n\n<div><span style="font-weight: bold; color: rgb(0, 0, 205);">Thời kỳ hậu Angkor : (Năm 1432 đến năm&nbsp;1863)</span></div>\n\n\n\n\n\n\n<div><br>\n	\n	\n	\n	\n	\n	\n	</div>\n\n\n\n\n\n\n<div>Từ giữ thế kỷ 15 vương quốc Angkok bị liên tục tấn công bởi&nbsp;Ayutthaya (Thái Lan cổ), đến cuối thế kỷ thứ 17 Angkok chịu sức ép giữ hai nước đang bành trướng đó là Đại Việt và Ayutthaya, đến năm 1863 có người Pháp vào bảo hộ cho vương quốc Angkok, chính vì thề mà vương quốc Angkok đã bị lệ thuộc.</div>\n\n\n\n\n\n\n<div><br>\n	\n	\n	\n	\n	\n	\n	</div>\n\n\n\n\n\n\n<div><span style="font-weight: bold; color: rgb(0, 0, 205);">Campuchia thuộc Pháp :&nbsp;(Năm 1863 đến năm 1953)</span></div>\n\n\n\n\n\n\n<div><br>\n	\n	\n	\n	\n	\n	\n	</div>\n\n\n\n\n\n\n<div>Năm 1863 Vua Norodom ký một hiệp ước với Pháp để thành lập một chính quyền bảo hộ trên toàn vương quốc.</div>\n\n\n\n\n\n\n<div><br>\n	\n	\n	\n	\n	\n	\n	</div>\n\n\n\n\n\n\n<div><span style="font-weight: bold; color: rgb(0, 0, 205);">Vương quốc Campuchia : (Năm 1954 đến năm 1975)</span></div>\n\n\n\n\n\n\n<div><br>\n	\n	\n	\n	\n	\n	\n	</div>\n\n\n\n\n\n\n<div>Campuchia tuyên bố độc lập vào năm 1953, trở thành một vương quốc. Năm 1960, Thái tử Norodom Sihanouk lên làm Quốc trưởng chứ không làm vua sau khi vua cha mất. Ông thi hành chính sách trung lập.</div>\n\n\n\n\n\n\n<div><br>\n	\n	\n	\n	\n	\n	\n	</div>\n\n\n\n\n\n\n<div><span style="font-weight: bold; color: rgb(0, 0, 205);">Khmer Đỏ cầm quyền: (Năm 1975 đến năm 1979)</span></div>\n\n\n\n\n\n\n<div><br>\n	\n	\n	\n	\n	\n	\n	</div>\n\n\n\n\n\n\n<div>Năm 1975&nbsp;thành lập nước "Campuchia Dân chủ" do&nbsp;Khmer Đỏ do Pol Pot lãnh đạo nắm được chính quyền.</div>\n\n\n\n\n\n\n<div><br>\n	\n	\n	\n	\n	\n	\n	</div>\n\n\n\n\n\n\n<div><span style="font-weight: bold; color: rgb(0, 0, 205);">Cộng hòa Nhân dân Campuchia (Năm 1979 đến năm 1993)</span></div>\n\n\n\n\n\n\n<div><br>\n	\n	\n	\n	\n	\n	\n	</div>\n\n\n\n\n\n\n<div>Ngày 8 tháng 1 năm 1979 Hội đồng Nhân dân Cách mạng nước Cộng hòa Nhân dân Campuchia do Heng Samrin làm Chủ tịch đã được thành lập. Tuy vậy chính quyền này chỉ được một số nước cộng sản công nhận và chưa tự bảo vệ được mà vẫn cần đến sự có mặt của quân đội Việt Nam.</div>\n\n\n\n\n\n<div><br>\n	\n	\n	\n	\n	\n	</div>\n\n\n\n\n\n<div><span style="font-weight: bold; color: rgb(0, 0, 205);">Vương quốc Campuchia (Tái lập năm 1993 - hiện tại)</span></div>\n\n\n\n\n\n\n<div><br>\n	\n	\n	\n	\n	\n	\n	</div>\n\n\n\n\n\n\n\n\n\n<div>Sau khi cuộc Tổng tuyển cử tự do được Liên Hợp Quốc đứng ra tổ chức tháng 5 năm 1993, các phe phái, chủ yếu các CPP (Đảng Nhân dân Campuchia), FUNCIPEC (Đảng Bảo hoàng)và đảng của Sam Rensi phải mất đến 4 tháng mới thỏa thuận được cơ cấu phân chia quyền lực. Đến tháng 9 năm 1993, Quốc hội và Chính phủ mới được thành lập với nòng cốt là FUNCIPEC và CPP. Quốc hội nhất trí lấy tên nước là Vương quốc Campuchia. Đứng đầu nhà nước là Quốc vương Norodom Sihanuk. Thủ tướng thứ nhất Norodom Ranarit (Chủ tịch Đảng FUNCIPEC), Thủ tướng thứ hai là Hun Xen (Phó Chủ tịch Đảng Nhân dân Campuchia). Chủ tịch quốc hội là Chia Xim (CPP).</div>\n\n\n\n\n<div>Vương quốc Campuchia mở rộng đối ngoại, đối nội, phát triển công nghiệp hóa, nông nghiệp hóa, giao thương với các nước trên thế giới mở rộng tìm nâng cho sự phát triển kinh tế trong tương lai.</div>\n\n\n\n\n<div><br>\n	\n	\n	\n	\n	</div>\n\n\n\n\n<div>Hiện nay vương quốc Campuchia trong thời kỳ phát triển mạnh mẻ đặc biệt là ngành du lịch đa thu hút một lượng khách du lịch quốc tế rất lớn và là một trong những địa điểm du lịch nổi tiếng thế giới.</div>\n\n\n\n\n<div>\n	\n	\n	\n	<h3><span style="color: rgb(107, 142, 35);">Thời tiết và khí hậu Campuchia:</span></h3>\n	\n	\n	\n	<div><br>\n		\n		\n		\n		</div>\n	\n	\n	\n	<div>- Thời tiết tại Campuchia có hai mùa rõ rệt, mùa nắng và mùa mưa, mùa mưa kéo dài từ tháng 5 đến tháng 10, mùa mưa kéo dài từ tháng 11 đến tháng 4.</div>\n	\n	\n	\n	<div>- Khí hậu gió mùa nên trở thành vùng nhiệt đới ẩm và khô rõ rệt, nhiệt độ trung bình từ 25 đến 28 độ C, nhiệt độ thấp trung bình là 22 độ C, nhiệt độ cao trung bình là 32 độ C, tuy nhiên có lúc nhiệt độ lên cao đến tận 38 độ C và thấp nhất là 10 độ C nhưng đây là một số năm khí hậu hiếm thấy.</div>\n	\n	\n	\n	<h3><span style="color: rgb(107, 142, 35);">Dân tộc và ngôn ngữ Campuchia :&nbsp;</span></h3>\n	\n	\n	\n	<div>Đa phần là dân dộc người Khmer chiếm 90%, dân tộc người Khmer chi thành nhiều loại :&nbsp;Khmer giữa (Khmer Kandal),&nbsp;&nbsp;Khmer Thượng (Khmer Loeur) và Khmer Hạ (Khmer Krom), còn lại là 10% thuộc các dân tộc từ nước khác sang như :&nbsp;Mã Lai, Chàm, Lào, Miến Điện, Việt Nam, Thái Lan, Hoa,.</div>\n	\n	\n	\n	<div>Tiếng Khmer là ngôn ngữ chính (95%), còn lại 5% là được sử dụng tiếng Anh, Pháp Việt, Mã Lai, Trung Hoa,..</div>\n	\n	\n	\n	<h3><span style="color: rgb(107, 142, 35);">Du Lịch Campuchia :</span></h3></div>\n\n\n\n\n<div>Sau một thời gian dài 25 năm cô lập, Campuchia mở rộng đón các du khách nước ngoài từ năm 90 và lượng khách tăng dần theo mỗi năm đến thời điểm hiện nay Vương Quốc Campuchia trở thành một địa điểm du lịch hấp dẫn nhất thế giới, những địa điểm thu hút nhất là quần thể Angkok nằm ở Siem Riep, thủ đô&nbsp;Phnom Penh và biển Sihanuk, đấy chính là những địa điểm thu hút khách quốc tế nhất.\n	\n	\n	</div>\n\n<div><br>\n	\n	</div>\n\n<div><span style="font-weight: bold;">Sau đây là những địa điểm du lịch Campuchia :</span></div>\n\n<div><br>\n	\n	</div>\n\n<div><span style="font-weight: bold;">-&nbsp;<a href="http://toptravels.vn/angkor-wat-tai-campuchia.html">Angkor Wat</a>.</span></div>\n\n<div><span style="font-weight: bold;">-&nbsp;<a href="http://toptravels.vn/angkor-thom-tai-campuchia.html">Angkor Thom</a>.</span></div>\n\n<div><span style="font-weight: bold;">-&nbsp;<a href="http://toptravels.vn/chua-vang-chua-bac-tai-campuchia.html">Chùa vàng - Chùa Bạc</a>.</span></div>\n\n<div><span style="font-weight: bold;">-&nbsp;<a href="http://toptravels.vn/tuong-dai-huu-nghi-viet-nam-campuchia.html">Đài tưởng niệm Việt Nam – Cambodia</a>.</span></div>\n\n<div><span style="font-weight: bold;">-&nbsp;Bãi biển Sihanoukville.</span></div>\n\n<div><span style="font-weight: bold;">-&nbsp;<a href="http://toptravels.vn/bao-tang-quoc-gia-tai-campuchia.html">Bảo tàng quốc gia Campuchia</a>.</span></div>\n\n<div><span style="font-weight: bold;">-&nbsp;<a href="http://toptravels.vn/nui-ta-lon-tai-campuchia.html">Núi Tà Lơn (Bokor)</a>.</span></div>\n\n<div><span style="font-weight: bold;">-&nbsp;<a href="http://toptravels.vn/ngoi-den-banteay-srei-tai-campuchia.html">Ngôi đền Banteay Srei</a>.</span></div>\n\n<div><span style="font-weight: bold;">-&nbsp;<a href="http://toptravels.vn/co-do-oudong-tai-campuchia.html">Cố Đô Oudong</a>.</span></div>\n\n<div><span style="font-weight: bold;">-&nbsp;<a href="http://toptravels.vn/cung-dien-hoang-gia-tai-campuchia.html">Cung Điện Hoàng Gia</a>.</span></div>\n\n<div><span style="font-weight: bold;">- <a href="http://toptravels.vn/chua-wat-phnom-tai-campuchia.html">Chùa Wat Phnom</a></span></div>\n\n<div>Và một số địa điểm khác nữa.</div>\n\n<div><br>\n	\n	</div>\n\n<div><br>\n	\n	</div>\n', 32, 1),
(9, 'Tour Du Ngoạn Thái Lan', 'Ô tô', '2014-12-31', '2015-01-05', 5850000, 'Trưởng đoàn của Cty sẽ đón quý khách tại sân bay Tân Sơn Nhất,Quốc Tế .Sau đó trưởng đoàn làm thủ tục để đáp chuyến bay đi Thái Lan. Đến sân bay Suvarnabhumi  của vương quốc Thái.Sau đó xe đưa Quý khách về khách sạn nhận phòng nghỉ ngơi hoặc tự do khám phá Bangkok về đêm…', 'Du-Lich-Thai-Lan.jpg', '<h1 style="text-align: center;"><strong>Tour Du Ngoạn Th&aacute;i Lan</strong></h1>\n\n<p><strong>NG&Agrave;Y 01: TP. HỒ CH&Iacute; MINH &ndash; BANGKOK (Ăn nhẹ tr&ecirc;n m&aacute;y bay)</strong></p>\n\n<p>Trưởng đo&agrave;n của Cty&nbsp;sẽ đ&oacute;n qu&yacute; kh&aacute;ch tại s&acirc;n bay T&acirc;n Sơn Nhất,Quốc Tế .Sau đ&oacute; trưởng đo&agrave;n l&agrave;m thủ tục để đ&aacute;p chuyến bay đi Th&aacute;i Lan. Đến s&acirc;n bay Suvarnabhumi &nbsp;của vương quốc Th&aacute;i.Sau đ&oacute; xe đưa Qu&yacute; kh&aacute;ch về kh&aacute;ch sạn nhận ph&ograve;ng nghỉ ngơi hoặc tự do kh&aacute;m ph&aacute; Bangkok về đ&ecirc;m&hellip;&nbsp;</p>\n\n<p><img alt="" src="http://dulichkhonggian.vn/ckfinder/userfiles/images/Image_Tour_Nuoc_Ngoai/Du-Lich-Thai-Lan-Kham-Pha-Dat-Nuoc-Thien-Than---Trung-Tam-Mua-Sam-Dong-Nam-A-2013-05-22-15-44-46.jpg" style="height:307px; width:430px" /></p>\n\n<p>&nbsp;</p>\n\n<p><strong>NG&Agrave;Y 02: BANGKOK &ndash; PATTAYA (Ăn s&aacute;ng, trưa, chiều)</strong></p>\n\n<p>Dạo thuyền tr&ecirc;n d&ograve;ng s&ocirc;ng Chaophraya Huyền thoại. Xem thuyền Rồng của nh&agrave; vua, xem hiện tượng c&aacute; nổi tr&ecirc;n s&ocirc;ng.</p>\n\n<p>Tham quan Ho&agrave;ng Cung Ngũ Thế Ho&agrave;ng, được vua Rama V x&acirc;y dựng v&agrave;o năm 1901,v&agrave; từ đ&oacute; đến nay vẫn lu&ocirc;n được bảo tồn cẩn thận để quảng b&aacute; sự huy ho&agrave;ng v&agrave; thịnh vượng của một thời k&igrave; ho&agrave;ng kim.- Đ&acirc;y l&agrave; t&ograve;a nh&agrave; bằng gỗ Teak m&agrave;u v&agrave;ng đẹp v&agrave; lớn nhất thế giới,trong Ho&agrave;ng Cung trưng b&agrave;y c&aacute;c t&aacute;c phẩm như: Ng&agrave; voi &ndash; Thủy Tinh &ndash; Đồ vật bằng bạc &ndash; Đồ s&agrave;nh sứ - Đồ cổ&hellip;.&nbsp;</p>\n\n<p>Sau đ&oacute; xe đi thẳng về th&agrave;nh phố ma quỷ Pattaya,&nbsp;</p>\n\n<p>&nbsp;</p>\n\n<p>&nbsp;</p>\n\n<p><img alt="" src="http://dulichkhonggian.vn/ckfinder/userfiles/images/Image_Tour_Nuoc_Ngoai/du-lich-Thai-Lan.jpg" style="height:318px; width:500px" /></p>\n\n<p>&nbsp;</p>\n\n<p>&nbsp;</p>\n\n<p>&lsquo;&rsquo;Đồi vọng cảnh Phra Tamak&rsquo;&rsquo;, tại đ&acirc;y Du Kh&aacute;ch thỏa sức ngắm cảnh tr&ecirc;n biển Pattaya v&agrave; chi&ecirc;m ngưỡng vẻ đẹp lộng lẫy của to&agrave;n cảnh th&agrave;nh phố nhộn nhịp n&agrave;y. Ngo&agrave;i ra Du Kh&aacute;ch c&oacute; thể chi&ecirc;m b&aacute;i, đốt ph&aacute;o cầu ph&uacute;c, cầu may để tỏ l&ograve;ng t&ocirc;n k&iacute;nh tại đ&agrave;i tưởng niệm của Đại Tướng Krom Luang Chumporn, cha đẻ của ng&agrave;nh hải qu&acirc;n ho&agrave;ng gia Th&aacute;i Lan. Được người d&acirc;n Th&aacute;i t&ocirc;n k&iacute;nh với l&ograve;ng dũng cảm v&agrave; ngay thẳng của &Ocirc;ng.</p>\n\n<p>khi đến nơi Qu&yacute; kh&aacute;ch d&ugrave;ng bữa tối, về kh&aacute;ch sạn nhận ph&ograve;ng nghỉ ngơi hoặc tham gia c&aacute;c show về đ&ecirc;m tại Pataya (chi ph&iacute; tự t&uacute;c)&hellip;</p>\n\n<p>&nbsp;</p>\n\n<p><img alt="" src="http://dulichkhonggian.vn/ckfinder/userfiles/images/Image_Tour_Nuoc_Ngoai/2001142633-du-lich-pattaya.jpg" style="height:303px; width:500px" /></p>\n\n<p>&nbsp;</p>\n\n<p><strong>NG&Agrave;Y 03: THAM QUAN PATTAYA - ĐẢO CORAL (Ăn s&aacute;ng, trưa, chiều)</strong></p>\n\n<p>Sau khi ăn s&aacute;ng, Qu&yacute; kh&aacute;ch khởi h&agrave;nh đi Đảo San H&ocirc;(Coral) Bằng t&agrave;u cao tốc, tại đ&acirc;y Qu&yacute; kh&aacute;ch c&oacute; thể tắm biển hay tham gia c&aacute;c tr&ograve; chơi tr&ecirc;n biển như: D&ugrave; k&eacute;o, Lướt v&aacute;n, L&aacute;i Can&ocirc;, Th&aacute;m hiểm dưới đ&aacute;y biển&hellip;(Chi ph&iacute; tự t&uacute;c).</p>\n\n<p>Tham quan xưởng chế t&aacute;c đ&aacute; qu&yacute; (Một trung t&acirc;m trưng b&agrave;y đ&aacute; qu&yacute; đạt ti&ecirc;u chuẩn ISO 9001) Th&aacute;i Lan được biết đến l&agrave; một quốc gia nổi tiếng khai th&aacute;c về đ&aacute; qu&yacute;.</p>\n\n<p>Tham quan To&agrave; nh&agrave; Tỷ Ph&uacute; - một trong những c&ocirc;ng tr&igrave;nh kiến tr&uacute;c ho&agrave;nh tr&aacute;ng v&agrave; tốn k&eacute;m bậc nhất Th&aacute;i Lan.</p>\n\n<p>&nbsp;</p>\n\n<p>&nbsp;</p>\n\n<p><img alt="" src="http://dulichkhonggian.vn/ckfinder/userfiles/images/Image_Tour_Nuoc_Ngoai/20130708060749_73827.jpg" style="height:268px; width:432px" /></p>\n\n<p>&nbsp;</p>\n\n<p>Qu&yacute; kh&aacute;ch ăn trưa,Tiếp đến tham quan Tr&acirc;n Bảo Phật Sơn - n&uacute;i Phật được khắc bằng v&agrave;ng 24k, cao 140 m&eacute;t được chiếu bằng tia laze khắc l&ecirc;n v&aacute;ch n&uacute;i để tặng cho vua Rama IX nh&acirc;n dịp 50 năm trị v&igrave; vương quốc Th&aacute;i Lan.</p>\n\n<p>Qu&yacute; kh&aacute;ch tiếp tục tham quan Bảo T&agrave;ng S&aacute;p của Th&aacute;i Lan.</p>\n\n<p>&nbsp;</p>\n\n<p><img alt="" src="http://dulichkhonggian.vn/ckfinder/userfiles/images/Image_Tour_Nuoc_Ngoai/du-lich-thai-lan-22.jpg" style="height:305px; width:500px" /></p>\n\n<p>&nbsp;</p>\n\n<p>Sau đ&oacute; xe đưa đo&agrave;n tham quan Vườn nho Silver Lake, một c&aacute;nh đồng nho rộng lớn với rất nhiều&nbsp;</p>\n\n<p>hoa, c&oacute; cả vườn bầu khổng lồ, b&iacute; khổng lồ. Chủ nh&acirc;n của khu vườn n&agrave;y l&agrave; một c&ocirc; g&aacute;i đẹp, khu vườn n&agrave;y l&agrave; m&oacute;n qu&agrave; của một người trong ho&agrave;ng gia tặng cho người y&ecirc;u m&igrave;nh. Ph&iacute;a b&ecirc;n ngo&agrave;i c&oacute; một cửa h&agrave;ng lớn b&aacute;n c&aacute;c sản phẩm l&agrave;m từ nho, nước &eacute;p nho, kẹo nho, mứt nho... Tại đ&acirc;y qu&yacute; kh&aacute;ch c&oacute; thể tự do mua qu&agrave; về biếu tặng bạn b&egrave; v&agrave; gia đ&igrave;nh.</p>\n\n<p>Chiều tối. Sau đ&oacute; qu&yacute; kh&aacute;ch sẽ được tận hưởng dịch vụ massage Th&aacute;i cổ truyền gi&uacute;p lưu th&ocirc;ng kh&iacute; huyết v&agrave; đ&aacute;nh thức sức mạnh tiềm ẩn trong cơ thể. Sau đ&oacute; sẽ l&agrave; thời gian tự do mua sắm tại c&aacute;c si&ecirc;u thị v&agrave; thưởng thức c&aacute;c m&oacute;n ăn Th&aacute;i Lan. Qu&yacute; kh&aacute;ch d&ugrave;ng bữa tối v&agrave; tự do kh&aacute;m ph&aacute; Pataya&hellip;&nbsp;</p>\n\n<p>&nbsp;</p>\n\n<p><img alt="" src="http://dulichkhonggian.vn/ckfinder/userfiles/images/Image_Tour_Nuoc_Ngoai/du-lich-cho-noi-thai-lan_1407482815.jpg" style="height:293px; width:450px" /></p>\n\n<p>&nbsp;</p>\n\n<p><strong>NG&Agrave;Y 04: PATTAYA &ndash; BANGKOK (Ăn s&aacute;ng, trưa, chiều)</strong></p>\n\n<p>Ăn s&aacute;ng tại kh&aacute;ch sạn. Xe đưa Qu&yacute; kh&aacute;ch tham quan + Sau khi ăn s&aacute;ng, Đo&agrave;n sẽ tham quan<strong>Vườn th&uacute; hoang d&atilde; SAFARI WORLD KHAO KHEOW&nbsp;</strong>&nbsp;- Tại đ&acirc;y qu&yacute; kh&aacute;ch sẽ được tận mắt chứng kiến đời sống hoang d&atilde; của những lo&agrave;i th&uacute; qu&yacute; hiếm tr&ecirc;n Thế Giới, tận hưởng c&aacute;c chương tr&igrave;nh show biểu diễn ho&agrave;nh tr&aacute;ng</p>\n\n<p><strong>Tham quan Trung t&acirc;m yến s&agrave;o&nbsp;</strong>v&agrave; t&igrave;m hiểu về c&aacute;c loại yến.</p>\n\n<p>Đến&nbsp;<strong>cửa h&agrave;ng b&aacute;n c&aacute;c loại thổ sản Th&aacute;i&nbsp;</strong>để d&ugrave;ng thử v&agrave; mua sắm.</p>\n\n<p><img alt="" src="http://dulichkhonggian.vn/ckfinder/userfiles/images/Image_Tour_Nuoc_Ngoai/vacation-saithip-butterfly-garden-pattaya.jpg" style="height:336px; width:500px" /></p>\n\n<p>&nbsp;</p>\n\n<p><strong><em>Qu&yacute; kh&aacute;ch được thưởng thức BUFFET cao cấp với hơn 150 m&oacute;n tự chọn: Tổ Yến, Thịt B&ograve; ngoại nhập&hellip;tại T&ograve;a Nh&agrave; 88 tầng Baiyoke Skye</em></strong>&nbsp;&ndash; cao nhất thủ đ&ocirc; Bangkok. Tại đ&acirc;y qu&yacute; kh&aacute;ch c&ograve;n đươc chi&ecirc;m ngưỡng to&agrave;n cảnh thủ đ&ocirc; Bangkok v&agrave; lưu lại những khoảnh khắc tuyện vời tại đ&acirc;y.</p>\n\n<p>Tham quan&nbsp;<strong>ch&ugrave;a Phật V&agrave;ng lớn nhất thế giới</strong>: cao 3 m&eacute;t v&agrave; nặng hơn 5,5 tấn. Tượng được đ&uacute;c theo phong c&aacute;ch Sukhothai tĩnh lặng v&agrave; được kh&aacute;m ph&aacute; một c&aacute;ch t&igrave;nh cờ v&agrave;o thập ni&ecirc;n 1950 Người địa phương cho rằng bức tượng lớn nhất thế giới n&agrave;y biểu thị cho sự thịnh vượng v&agrave; thuần khiết cũng như sức mạnh v&agrave; quyền năng.</p>\n\n<p>&nbsp;</p>\n\n<p><img alt="" src="http://dulichkhonggian.vn/ckfinder/userfiles/images/Image_Tour_Nuoc_Ngoai/chuaphatvang.jpg" style="height:335px; width:500px" /></p>\n\n<p>&nbsp;</p>\n\n<p>Tham quan&nbsp;<strong>Trung t&acirc;m nghi&ecirc;n cứu rắn độc Ho&agrave;ng gia.</strong></p>\n\n<p>Đo&agrave;n đến tham quan&nbsp;<strong>ng&ocirc;i ch&ugrave;a thuyền Wat Yannawa</strong>&nbsp;nổi tiếng linh thi&ecirc;ng nhất Bangkok</p>\n\n<p>Sau đ&oacute; Qu&yacute; kh&aacute;ch sẽ thưởng thức&nbsp;<strong>chương tr&igrave;nh biểu diễn ca m&uacute;a nhạc ho&agrave;nh tr&aacute;ng (show B&ecirc;đ&ecirc;) do c&aacute;c vũ c&ocirc;ng chuyển đổi giới t&iacute;nh thực hiện</strong></p>\n\n<p>&nbsp;</p>\n\n<p><strong>NG&Agrave;Y 05: THAM QUAN BANGKOK (free day)</strong></p>\n\n<p>Ăn s&aacute;ng tại kh&aacute;ch sạn. Qu&yacute; kh&aacute;ch tự do đi tham quan mua sắm tại c&aacute;c si&ecirc;u thị lớn như: WORLD TRADE CENTRE, BAIYOKE SKY, PRATUNAM MARKET, PLATINUM, ROBINSON SILOM, RACHADA SAGO MARKET</p>\n\n<p>Qu&yacute; kh&aacute;ch c&oacute; thể đăng k&yacute; tham quan c&aacute;c địa danh nổi tiếng kh&aacute;c của Th&aacute;i Lan như:&nbsp;<strong>Đền cổ Ayutthaya, Mini Siam, Siam Miramit,&hellip;.( ch&iacute; ph&iacute; tự t&uacute;c )</strong></p>\n\n<p><img alt="" src="http://dulichkhonggian.vn/ckfinder/userfiles/images/Image_Tour_Nuoc_Ngoai/du-lich-chao-phraya.jpg" style="height:333px; width:500px" /></p>\n\n<p>&nbsp;</p>\n\n<p><strong>NG&Agrave;Y 06: &nbsp;BANGKOK - TP. HỒ CH&Iacute; MINH (Ăn s&aacute;ng)</strong></p>\n\n<p>Ăn s&aacute;ng tại kh&aacute;ch sạn. Đo&agrave;n khởi h&agrave;nh tham quan Trung T&acirc;m trưng b&agrave;y c&aacute;c loại thuộc da nổi tiếng của Th&aacute;i Lan như da c&aacute; sấu, c&aacute; đuối, voi ... Sau đ&oacute; xe đưa Qu&yacute; kh&aacute;ch ra s&acirc;n bay Survanahumi đ&aacute;p chuyến bay về TP.HCM. Đo&agrave;n về đến s&acirc;n bay T&acirc;n Sơn Nhất. Kết th&uacute;c chuyến tham quan. Chia tay đo&agrave;n v&agrave; hẹn gặp lại.</p>', 32, 1);

--
-- Constraints for dumped tables
--

--
-- Constraints for table `diadanh`
--
ALTER TABLE `diadanh`
  ADD CONSTRAINT `diadanh_ibfk_1` FOREIGN KEY (`Ma_loai_tour`) REFERENCES `loaitour` (`Ma_loai_tour`);

--
-- Constraints for table `diadanh_tour`
--
ALTER TABLE `diadanh_tour`
  ADD CONSTRAINT `diadanh_tour_ibfk_1` FOREIGN KEY (`Ma_tour`) REFERENCES `tour` (`Ma_tour`),
  ADD CONSTRAINT `diadanh_tour_ibfk_2` FOREIGN KEY (`Ma_dia_danh`) REFERENCES `diadanh` (`Ma_dia_danh`);

--
-- Constraints for table `phieudattour`
--
ALTER TABLE `phieudattour`
  ADD CONSTRAINT `phieudattour_ibfk_1` FOREIGN KEY (`Ten_dang_nhap`) REFERENCES `khachhang` (`Ten_dang_nhap`),
  ADD CONSTRAINT `phieudattour_ibfk_2` FOREIGN KEY (`Ma_tour`) REFERENCES `tour` (`Ma_tour`);

/*!40101 SET CHARACTER_SET_CLIENT=@OLD_CHARACTER_SET_CLIENT */;
/*!40101 SET CHARACTER_SET_RESULTS=@OLD_CHARACTER_SET_RESULTS */;
/*!40101 SET COLLATION_CONNECTION=@OLD_COLLATION_CONNECTION */;
